              x	              y	              z	           time	in	                 Cl	
              0	              0	              0	           1000	 1	   9.9994176275e-01	
             10	              0	              0	           1000	 1	   9.9989281740e-01	
             20	              0	              0	           1000	 1	   9.9978818182e-01	
             30	              0	              0	           1000	 1	   9.9957488635e-01	
             40	              0	              0	           1000	 1	   9.9916205642e-01	
             50	              0	              0	           1000	 1	   9.9839075022e-01	
             60	              0	              0	           1000	 1	   9.9699406434e-01	
             70	              0	              0	           1000	 1	   9.9454473537e-01	
             80	              0	              0	           1000	 1	   9.9039190671e-01	
             90	              0	              0	           1000	 1	   9.8359618933e-01	
            100	              0	              0	           1000	 1	   9.7288152265e-01	
            110	              0	              0	           1000	 1	   9.5663217923e-01	
            120	              0	              0	           1000	 1	   9.3296933776e-01	
            130	              0	              0	           1000	 1	   8.9993770145e-01	
            140	              0	              0	           1000	 1	   8.5581269858e-01	
            150	              0	              0	           1000	 1	   7.9950128673e-01	
            160	              0	              0	           1000	 1	   7.3096144715e-01	
            170	              0	              0	           1000	 1	   6.5152454562e-01	
            180	              0	              0	           1000	 1	   5.6399412225e-01	
            190	              0	              0	           1000	 1	   4.7243234957e-01	
            200	              0	              0	           1000	 1	   3.8163074550e-01	
            210	              0	              0	           1000	 1	   2.9636857580e-01	
            220	              0	              0	           1000	 1	   2.2064627638e-01	
            230	              0	              0	           1000	 1	   1.5710076986e-01	
            240	              0	              0	           1000	 1	   1.0675067887e-01	
            250	              0	              0	           1000	 1	   6.9106390031e-02	
            260	              0	              0	           1000	 1	   4.2563763382e-02	
            270	              0	              0	           1000	 1	   2.4932073189e-02	
            280	              0	              0	           1000	 1	   1.3956212825e-02	
            290	              0	              0	           1000	 1	   7.7978453107e-03	
            300	              0	              0	           1000	 1	   5.7178705568e-03	
              0	             10	              0	           1000	 1	   9.9989281740e-01	
             10	             10	              0	           1000	 1	   9.9984555513e-01	
             20	             10	              0	           1000	 1	   9.9973038450e-01	
             30	             10	              0	           1000	 1	   9.9950136447e-01	
             40	             10	              0	           1000	 1	   9.9906418178e-01	
             50	             10	              0	           1000	 1	   9.9825437160e-01	
             60	             10	              0	           1000	 1	   9.9679866574e-01	
             70	             10	              0	           1000	 1	   9.9426223711e-01	
             80	             10	              0	           1000	 1	   9.8998550538e-01	
             90	             10	              0	           1000	 1	   9.8302003185e-01	
            100	             10	              0	           1000	 1	   9.7208210600e-01	
            110	             10	              0	           1000	 1	   9.5555232292e-01	
            120	             10	              0	           1000	 1	   9.3155525713e-01	
            130	             10	              0	           1000	 1	   8.9814899410e-01	
            140	             10	              0	           1000	 1	   8.5363397201e-01	
            150	             10	              0	           1000	 1	   7.9695296392e-01	
            160	             10	              0	           1000	 1	   7.2810647385e-01	
            170	             10	              0	           1000	 1	   6.4846784799e-01	
            180	             10	              0	           1000	 1	   5.6087306421e-01	
            190	             10	              0	           1000	 1	   4.6939894086e-01	
            200	             10	              0	           1000	 1	   3.7882915707e-01	
            210	             10	              0	           1000	 1	   2.9391346147e-01	
            220	             10	              0	           1000	 1	   2.1860749948e-01	
            230	             10	              0	           1000	 1	   1.5549817658e-01	
            240	             10	              0	           1000	 1	   1.0555930840e-01	
            250	             10	              0	           1000	 1	   6.8269347061e-02	
            260	             10	              0	           1000	 1	   4.2008162847e-02	
            270	             10	              0	           1000	 1	   2.4583471499e-02	
            280	             10	              0	           1000	 1	   1.3748203443e-02	
            290	             10	              0	           1000	 1	   7.6744768547e-03	
            300	             10	              0	           1000	 1	   5.6242700282e-03	
              0	             20	              0	           1000	 1	   9.9978818182e-01	
             10	             20	              0	           1000	 1	   9.9973038450e-01	
             20	             20	              0	           1000	 1	   9.9958562210e-01	
             30	             20	              0	           1000	 1	   9.9930456616e-01	
             40	             20	              0	           1000	 1	   9.9878589274e-01	
             50	             20	              0	           1000	 1	   9.9785286039e-01	
             60	             20	              0	           1000	 1	   9.9621460297e-01	
             70	             20	              0	           1000	 1	   9.9341385082e-01	
             80	             20	              0	           1000	 1	   9.8876503393e-01	
             90	             20	              0	           1000	 1	   9.8129310596e-01	
            100	             20	              0	           1000	 1	   9.6969232948e-01	
            110	             20	              0	           1000	 1	   9.5233338898e-01	
            120	             20	              0	           1000	 1	   9.2735204527e-01	
            130	             20	              0	           1000	 1	   8.9284698301e-01	
            140	             20	              0	           1000	 1	   8.4719312714e-01	
            150	             20	              0	           1000	 1	   7.8943881816e-01	
            160	             20	              0	           1000	 1	   7.1970884850e-01	
            170	             20	              0	           1000	 1	   6.3949816619e-01	
            180	             20	              0	           1000	 1	   5.5173542837e-01	
            190	             20	              0	           1000	 1	   4.6053749579e-01	
            200	             20	              0	           1000	 1	   3.7066237211e-01	
            210	             20	              0	           1000	 1	   2.8677144032e-01	
            220	             20	              0	           1000	 1	   2.1268848257e-01	
            230	             20	              0	           1000	 1	   1.5085451848e-01	
            240	             20	              0	           1000	 1	   1.0211369662e-01	
            250	             20	              0	           1000	 1	   6.5852915634e-02	
            260	             20	              0	           1000	 1	   4.0407056708e-02	
            270	             20	              0	           1000	 1	   2.3580615674e-02	
            280	             20	              0	           1000	 1	   1.3150820853e-02	
            290	             20	              0	           1000	 1	   7.3207964177e-03	
            300	             20	              0	           1000	 1	   5.3562492909e-03	
              0	             30	              0	           1000	 1	   9.9957488635e-01	
             10	             30	              0	           1000	 1	   9.9950136447e-01	
             20	             30	              0	           1000	 1	   9.9930456616e-01	
             30	             30	              0	           1000	 1	   9.9893157080e-01	
             40	             30	              0	           1000	 1	   9.9826783846e-01	
             50	             30	              0	           1000	 1	   9.9711586312e-01	
             60	             30	              0	           1000	 1	   9.9515610857e-01	
             70	             30	              0	           1000	 1	   9.9189510202e-01	
             80	             30	              0	           1000	 1	   9.8660580980e-01	
             90	             30	              0	           1000	 1	   9.7827164634e-01	
            100	             30	              0	           1000	 1	   9.6555410884e-01	
            110	             30	              0	           1000	 1	   9.4681229907e-01	
            120	             30	              0	           1000	 1	   9.2020591533e-01	
            130	             30	              0	           1000	 1	   8.8390581726e-01	
            140	             30	              0	           1000	 1	   8.3641330037e-01	
            150	             30	              0	           1000	 1	   7.7695112170e-01	
            160	             30	              0	           1000	 1	   7.0584505417e-01	
            170	             30	              0	           1000	 1	   6.2478216563e-01	
            180	             30	              0	           1000	 1	   5.3683230411e-01	
            190	             30	              0	           1000	 1	   4.4616588725e-01	
            200	             30	              0	           1000	 1	   3.5748823308e-01	
            210	             30	              0	           1000	 1	   2.7530933290e-01	
            220	             30	              0	           1000	 1	   2.0323573176e-01	
            230	             30	              0	           1000	 1	   1.4347343711e-01	
            240	             30	              0	           1000	 1	   9.6661681784e-02	
            250	             30	              0	           1000	 1	   6.2046023455e-02	
            260	             30	              0	           1000	 1	   3.7895223717e-02	
            270	             30	              0	           1000	 1	   2.2013703897e-02	
            280	             30	              0	           1000	 1	   1.2221141787e-02	
            290	             30	              0	           1000	 1	   6.7725649594e-03	
            300	             30	              0	           1000	 1	   4.9419582391e-03	
              0	             40	              0	           1000	 1	   9.9916205642e-01	
             10	             40	              0	           1000	 1	   9.9906418178e-01	
             20	             40	              0	           1000	 1	   9.9878589274e-01	
             30	             40	              0	           1000	 1	   9.9826783846e-01	
             40	             40	              0	           1000	 1	   9.9737665753e-01	
             50	             40	              0	           1000	 1	   9.9588514093e-01	
             60	             40	              0	           1000	 1	   9.9343362466e-01	
             70	             40	              0	           1000	 1	   9.8947925772e-01	
             80	             40	              0	           1000	 1	   9.8324013547e-01	
             90	             40	              0	           1000	 1	   9.7364710652e-01	
            100	             40	              0	           1000	 1	   9.5932406848e-01	
            110	             40	              0	           1000	 1	   9.3862451941e-01	
            120	             40	              0	           1000	 1	   9.0975334600e-01	
            130	             40	              0	           1000	 1	   8.7099287260e-01	
            140	             40	              0	           1000	 1	   8.2102739216e-01	
            150	             40	              0	           1000	 1	   7.5932249337e-01	
            160	             40	              0	           1000	 1	   6.8647457410e-01	
            170	             40	              0	           1000	 1	   6.0441980403e-01	
            180	             40	              0	           1000	 1	   5.1639980667e-01	
            190	             40	              0	           1000	 1	   4.2663352823e-01	
            200	             40	              0	           1000	 1	   3.3973183504e-01	
            210	             40	              0	           1000	 1	   2.5998289031e-01	
            220	             40	              0	           1000	 1	   1.9069201056e-01	
            230	             40	              0	           1000	 1	   1.3375010595e-01	
            240	             40	              0	           1000	 1	   8.9529786336e-02	
            250	             40	              0	           1000	 1	   5.7099629101e-02	
            260	             40	              0	           1000	 1	   3.4652666443e-02	
            270	             40	              0	           1000	 1	   2.0003614836e-02	
            280	             40	              0	           1000	 1	   1.1035793533e-02	
            290	             40	              0	           1000	 1	   6.0776398090e-03	
            300	             40	              0	           1000	 1	   4.4183033688e-03	
              0	             50	              0	           1000	 1	   9.9839075022e-01	
             10	             50	              0	           1000	 1	   9.9825437160e-01	
             20	             50	              0	           1000	 1	   9.9785286039e-01	
             30	             50	              0	           1000	 1	   9.9711586312e-01	
             40	             50	              0	           1000	 1	   9.9588514093e-01	
             50	             50	              0	           1000	 1	   9.9389487623e-01	
             60	             50	              0	           1000	 1	   9.9073423749e-01	
             70	             50	              0	           1000	 1	   9.8579930334e-01	
             80	             50	              0	           1000	 1	   9.7824320487e-01	
             90	             50	              0	           1000	 1	   9.6693892170e-01	
            100	             50	              0	           1000	 1	   9.5047622324e-01	
            110	             50	              0	           1000	 1	   9.2721937420e-01	
            120	             50	              0	           1000	 1	   8.9545078956e-01	
            130	             50	              0	           1000	 1	   8.5361303256e-01	
            140	             50	              0	           1000	 1	   8.0063502427e-01	
            150	             50	              0	           1000	 1	   7.3629142931e-01	
            160	             50	              0	           1000	 1	   6.6150808548e-01	
            170	             50	              0	           1000	 1	   5.7850841549e-01	
            180	             50	              0	           1000	 1	   4.9071272627e-01	
            190	             50	              0	           1000	 1	   4.0236002348e-01	
            200	             50	              0	           1000	 1	   3.1790728652e-01	
            210	             50	              0	           1000	 1	   2.4134264194e-01	
            220	             50	              0	           1000	 1	   1.7558957297e-01	
            230	             50	              0	           1000	 1	   1.2215639608e-01	
            240	             50	              0	           1000	 1	   8.1104911550e-02	
            250	             50	              0	           1000	 1	   5.1308648176e-02	
            260	             50	              0	           1000	 1	   3.0889107069e-02	
            270	             50	              0	           1000	 1	   1.7689950563e-02	
            280	             50	              0	           1000	 1	   9.6824954139e-03	
            290	             50	              0	           1000	 1	   5.2905255482e-03	
            300	             50	              0	           1000	 1	   3.8279729392e-03	
              0	             60	              0	           1000	 1	   9.9699406435e-01	
             10	             60	              0	           1000	 1	   9.9679866574e-01	
             20	             60	              0	           1000	 1	   9.9621460297e-01	
             30	             60	              0	           1000	 1	   9.9515610857e-01	
             40	             60	              0	           1000	 1	   9.9343362466e-01	
             50	             60	              0	           1000	 1	   9.9073423749e-01	
             60	             60	              0	           1000	 1	   9.8658638855e-01	
             70	             60	              0	           1000	 1	   9.8031649348e-01	
             80	             60	              0	           1000	 1	   9.7100803416e-01	
             90	             60	              0	           1000	 1	   9.5747901669e-01	
            100	             60	              0	           1000	 1	   9.3829946787e-01	
            110	             60	              0	           1000	 1	   9.1187346855e-01	
            120	             60	              0	           1000	 1	   8.7660573682e-01	
            130	             60	              0	           1000	 1	   8.3115709668e-01	
            140	             60	              0	           1000	 1	   7.7476547702e-01	
            150	             60	              0	           1000	 1	   7.0757442820e-01	
            160	             60	              0	           1000	 1	   6.3088153900e-01	
            170	             60	              0	           1000	 1	   5.4721085545e-01	
            180	             60	              0	           1000	 1	   4.6013975814e-01	
            190	             60	              0	           1000	 1	   3.7387285531e-01	
            200	             60	              0	           1000	 1	   2.9263643496e-01	
            210	             60	              0	           1000	 1	   2.2003546254e-01	
            220	             60	              0	           1000	 1	   1.5853877486e-01	
            230	             60	              0	           1000	 1	   1.0922182336e-01	
            240	             60	              0	           1000	 1	   7.1812665966e-02	
            250	             60	              0	           1000	 1	   4.4991506123e-02	
            260	             60	              0	           1000	 1	   2.6827015368e-02	
            270	             60	              0	           1000	 1	   1.5218313838e-02	
            280	             60	              0	           1000	 1	   8.2512542847e-03	
            290	             60	              0	           1000	 1	   4.4662232020e-03	
            300	             60	              0	           1000	 1	   3.2133159306e-03	
              0	             70	              0	           1000	 1	   9.9454473537e-01	
             10	             70	              0	           1000	 1	   9.9426223711e-01	
             20	             70	              0	           1000	 1	   9.9341385082e-01	
             30	             70	              0	           1000	 1	   9.9189510202e-01	
             40	             70	              0	           1000	 1	   9.8947925772e-01	
             50	             70	              0	           1000	 1	   9.8579930334e-01	
             60	             70	              0	           1000	 1	   9.8031649348e-01	
             70	             70	              0	           1000	 1	   9.7228431695e-01	
             80	             70	              0	           1000	 1	   9.6072000417e-01	
             90	             70	              0	           1000	 1	   9.4440046552e-01	
            100	             70	              0	           1000	 1	   9.2190365711e-01	
            110	             70	              0	           1000	 1	   8.9171649074e-01	
            120	             70	              0	           1000	 1	   8.5242270181e-01	
            130	             70	              0	           1000	 1	   8.0296587799e-01	
            140	             70	              0	           1000	 1	   7.4295503114e-01	
            150	             70	              0	           1000	 1	   6.7294927813e-01	
            160	             70	              0	           1000	 1	   5.9463672440e-01	
            170	             70	              0	           1000	 1	   5.1082489435e-01	
            180	             70	              0	           1000	 1	   4.2519518570e-01	
            190	             70	              0	           1000	 1	   3.4183802690e-01	
            200	             70	              0	           1000	 1	   2.6465882899e-01	
            210	             70	              0	           1000	 1	   1.9679741976e-01	
            220	             70	              0	           1000	 1	   1.4020934500e-01	
            230	             70	              0	           1000	 1	   9.5509223209e-02	
            240	             70	              0	           1000	 1	   6.2092545507e-02	
            250	             70	              0	           1000	 1	   3.8468278899e-02	
            260	             70	              0	           1000	 1	   2.2684377926e-02	
            270	             70	              0	           1000	 1	   1.2727912141e-02	
            280	             70	              0	           1000	 1	   6.8260663669e-03	
            290	             70	              0	           1000	 1	   3.6548157741e-03	
            300	             70	              0	           1000	 1	   2.6123082463e-03	
              0	             80	              0	           1000	 1	   9.9039190671e-01	
             10	             80	              0	           1000	 1	   9.8998550538e-01	
             20	             80	              0	           1000	 1	   9.8876503393e-01	
             30	             80	              0	           1000	 1	   9.8660580980e-01	
             40	             80	              0	           1000	 1	   9.8324013547e-01	
             50	             80	              0	           1000	 1	   9.7824320487e-01	
             60	             80	              0	           1000	 1	   9.7100803416e-01	
             70	             80	              0	           1000	 1	   9.6072000417e-01	
             80	             80	              0	           1000	 1	   9.4634447469e-01	
             90	             80	              0	           1000	 1	   9.2664462227e-01	
            100	             80	              0	           1000	 1	   9.0024866173e-01	
            110	             80	              0	           1000	 1	   8.6578277231e-01	
            120	             80	              0	           1000	 1	   8.2207529907e-01	
            130	             80	              0	           1000	 1	   7.6841787010e-01	
            140	             80	              0	           1000	 1	   7.0484258918e-01	
            150	             80	              0	           1000	 1	   6.3234924743e-01	
            160	             80	              0	           1000	 1	   5.5300447434e-01	
            170	             80	              0	           1000	 1	   4.6984754384e-01	
            180	             80	              0	           1000	 1	   3.8657967590e-01	
            190	             80	              0	           1000	 1	   3.0707671722e-01	
            200	             80	              0	           1000	 1	   2.3482744112e-01	
            210	             80	              0	           1000	 1	   1.7243443198e-01	
            220	             80	              0	           1000	 1	   1.2130284008e-01	
            230	             80	              0	           1000	 1	   8.1585254632e-02	
            240	             80	              0	           1000	 1	   5.2371045330e-02	
            250	             80	              0	           1000	 1	   3.2038907040e-02	
            260	             80	              0	           1000	 1	   1.8658687441e-02	
            270	             80	              0	           1000	 1	   1.0340758684e-02	
            280	             80	              0	           1000	 1	   5.4781584136e-03	
            290	             80	              0	           1000	 1	   2.8974098546e-03	
            300	             80	              0	           1000	 1	   2.0556039879e-03	
              0	             90	              0	           1000	 1	   9.8359618933e-01	
             10	             90	              0	           1000	 1	   9.8302003185e-01	
             20	             90	              0	           1000	 1	   9.8129310596e-01	
             30	             90	              0	           1000	 1	   9.7827164634e-01	
             40	             90	              0	           1000	 1	   9.7364710652e-01	
             50	             90	              0	           1000	 1	   9.6693892170e-01	
             60	             90	              0	           1000	 1	   9.5747901669e-01	
             70	             90	              0	           1000	 1	   9.4440046552e-01	
             80	             90	              0	           1000	 1	   9.2664462227e-01	
             90	             90	              0	           1000	 1	   9.0300314712e-01	
            100	             90	              0	           1000	 1	   8.7221091185e-01	
            110	             90	              0	           1000	 1	   8.3309997402e-01	
            120	             90	              0	           1000	 1	   7.8481159139e-01	
            130	             90	              0	           1000	 1	   7.2704286524e-01	
            140	             90	              0	           1000	 1	   6.6028120675e-01	
            150	             90	              0	           1000	 1	   5.8596183592e-01	
            160	             90	              0	           1000	 1	   5.0648158936e-01	
            170	             90	              0	           1000	 1	   4.2502455769e-01	
            180	             90	              0	           1000	 1	   3.4520126203e-01	
            190	             90	              0	           1000	 1	   2.7056109797e-01	
            200	             90	              0	           1000	 1	   2.0408596126e-01	
            210	             90	              0	           1000	 1	   1.4778912010e-01	
            220	             90	              0	           1000	 1	   1.0251665972e-01	
            230	             90	              0	           1000	 1	   6.7987304477e-02	
            240	             90	              0	           1000	 1	   4.3034716232e-02	
            250	             90	              0	           1000	 1	   2.5963394734e-02	
            260	             90	              0	           1000	 1	   1.4913675411e-02	
            270	             90	              0	           1000	 1	   8.1535231973e-03	
            280	             90	              0	           1000	 1	   4.2613673606e-03	
            290	             90	              0	           1000	 1	   2.2235924683e-03	
            300	             90	              0	           1000	 1	   1.5646378767e-03	
              0	            100	              0	           1000	 1	   9.7288152265e-01	
             10	            100	              0	           1000	 1	   9.7208210600e-01	
             20	            100	              0	           1000	 1	   9.6969232948e-01	
             30	            100	              0	           1000	 1	   9.6555410884e-01	
             40	            100	              0	           1000	 1	   9.5932406848e-01	
             50	            100	              0	           1000	 1	   9.5047622324e-01	
             60	            100	              0	           1000	 1	   9.3829946787e-01	
             70	            100	              0	           1000	 1	   9.2190365711e-01	
             80	            100	              0	           1000	 1	   9.0024866173e-01	
             90	            100	              0	           1000	 1	   8.7221091185e-01	
            100	            100	              0	           1000	 1	   8.3669891617e-01	
            110	            100	              0	           1000	 1	   7.9282085212e-01	
            120	            100	              0	           1000	 1	   7.4009264900e-01	
            130	            100	              0	           1000	 1	   6.7865575072e-01	
            140	            100	              0	           1000	 1	   6.0945519594e-01	
            150	            100	              0	           1000	 1	   5.3431903747e-01	
            160	            100	              0	           1000	 1	   4.5588793249e-01	
            170	            100	              0	           1000	 1	   3.7737314332e-01	
            180	            100	              0	           1000	 1	   3.0216765048e-01	
            190	            100	              0	           1000	 1	   2.3338420461e-01	
            200	            100	              0	           1000	 1	   1.7342608536e-01	
            210	            100	              0	           1000	 1	   1.2369494003e-01	
            220	            100	              0	           1000	 1	   8.4502223143e-02	
            230	            100	              0	           1000	 1	   5.5189843200e-02	
            240	            100	              0	           1000	 1	   3.4405916009e-02	
            250	            100	              0	           1000	 1	   2.0446072495e-02	
            260	            100	              0	           1000	 1	   1.1570135107e-02	
            270	            100	              0	           1000	 1	   6.2327709287e-03	
            280	            100	              0	           1000	 1	   3.2099816392e-03	
            290	            100	              0	           1000	 1	   1.6505377926e-03	
            300	            100	              0	           1000	 1	   1.1509634289e-03	
              0	            110	              0	           1000	 1	   9.5663217923e-01	
             10	            110	              0	           1000	 1	   9.5555232292e-01	
             20	            110	              0	           1000	 1	   9.5233338898e-01	
             30	            110	              0	           1000	 1	   9.4681229907e-01	
             40	            110	              0	           1000	 1	   9.3862451941e-01	
             50	            110	              0	           1000	 1	   9.2721937421e-01	
             60	            110	              0	           1000	 1	   9.1187346855e-01	
             70	            110	              0	           1000	 1	   8.9171649074e-01	
             80	            110	              0	           1000	 1	   8.6578277231e-01	
             90	            110	              0	           1000	 1	   8.3309997402e-01	
            100	            110	              0	           1000	 1	   7.9282085212e-01	
            110	            110	              0	           1000	 1	   7.4439382525e-01	
            120	            110	              0	           1000	 1	   6.8775330045e-01	
            130	            110	              0	           1000	 1	   6.2349433569e-01	
            140	            110	              0	           1000	 1	   5.5298393596e-01	
            150	            110	              0	           1000	 1	   4.7836032624e-01	
            160	            110	              0	           1000	 1	   4.0238758951e-01	
            170	            110	              0	           1000	 1	   3.2816632260e-01	
            180	            110	              0	           1000	 1	   2.5874358449e-01	
            190	            110	              0	           1000	 1	   1.9670249292e-01	
            200	            110	              0	           1000	 1	   1.4382706981e-01	
            210	            110	              0	           1000	 1	   1.0092186576e-01	
            220	            110	              0	           1000	 1	   6.7822051078e-02	
            230	            110	              0	           1000	 1	   4.3574373454e-02	
            240	            110	              0	           1000	 1	   2.6724277501e-02	
            250	            110	              0	           1000	 1	   1.5625778833e-02	
            260	            110	              0	           1000	 1	   8.7017607323e-03	
            270	            110	              0	           1000	 1	   4.6139225445e-03	
            280	            110	              0	           1000	 1	   2.3391092971e-03	
            290	            110	              0	           1000	 1	   1.1839076422e-03	
            300	            110	              0	           1000	 1	   8.1752671833e-04	
              0	            120	              0	           1000	 1	   9.3296933776e-01	
             10	            120	              0	           1000	 1	   9.3155525713e-01	
             20	            120	              0	           1000	 1	   9.2735204527e-01	
             30	            120	              0	           1000	 1	   9.2020591533e-01	
             40	            120	              0	           1000	 1	   9.0975334600e-01	
             50	            120	              0	           1000	 1	   8.9545078956e-01	
             60	            120	              0	           1000	 1	   8.7660573682e-01	
             70	            120	              0	           1000	 1	   8.5242270181e-01	
             80	            120	              0	           1000	 1	   8.2207529907e-01	
             90	            120	              0	           1000	 1	   7.8481159139e-01	
            100	            120	              0	           1000	 1	   7.4009264900e-01	
            110	            120	              0	           1000	 1	   6.8775330045e-01	
            120	            120	              0	           1000	 1	   6.2816073735e-01	
            130	            120	              0	           1000	 1	   5.6233460587e-01	
            140	            120	              0	           1000	 1	   4.9198693632e-01	
            150	            120	              0	           1000	 1	   4.1944719026e-01	
            160	            120	              0	           1000	 1	   3.4745938676e-01	
            170	            120	              0	           1000	 1	   2.7887151141e-01	
            180	            120	              0	           1000	 1	   2.1627247386e-01	
            190	            120	              0	           1000	 1	   1.6165517673e-01	
            200	            120	              0	           1000	 1	   1.1618427069e-01	
            210	            120	              0	           1000	 1	   8.0120839904e-02	
            220	            120	              0	           1000	 1	   5.2911947750e-02	
            230	            120	              0	           1000	 1	   3.3407407526e-02	
            240	            120	              0	           1000	 1	   2.0136515055e-02	
            250	            120	              0	           1000	 1	   1.1573136479e-02	
            260	            120	              0	           1000	 1	   6.3362459877e-03	
            270	            120	              0	           1000	 1	   3.3037004111e-03	
            280	            120	              0	           1000	 1	   1.6471342554e-03	
            290	            120	              0	           1000	 1	   8.1983131187e-04	
            300	            120	              0	           1000	 1	   5.6025548933e-04	
              0	            130	              0	           1000	 1	   8.9993770145e-01	
             10	            130	              0	           1000	 1	   8.9814899410e-01	
             20	            130	              0	           1000	 1	   8.9284698301e-01	
             30	            130	              0	           1000	 1	   8.8390581726e-01	
             40	            130	              0	           1000	 1	   8.7099287260e-01	
             50	            130	              0	           1000	 1	   8.5361303256e-01	
             60	            130	              0	           1000	 1	   8.3115709668e-01	
             70	            130	              0	           1000	 1	   8.0296587799e-01	
             80	            130	              0	           1000	 1	   7.6841787010e-01	
             90	            130	              0	           1000	 1	   7.2704286524e-01	
            100	            130	              0	           1000	 1	   6.7865575072e-01	
            110	            130	              0	           1000	 1	   6.2349433569e-01	
            120	            130	              0	           1000	 1	   5.6233460587e-01	
            130	            130	              0	           1000	 1	   4.9655007744e-01	
            140	            130	              0	           1000	 1	   4.2808341939e-01	
            150	            130	              0	           1000	 1	   3.5931146625e-01	
            160	            130	              0	           1000	 1	   2.9280873099e-01	
            170	            130	              0	           1000	 1	   2.3104396610e-01	
            180	            130	              0	           1000	 1	   1.7606923278e-01	
            190	            130	              0	           1000	 1	   1.2927056028e-01	
            200	            130	              0	           1000	 1	   9.1237306067e-02	
            210	            130	              0	           1000	 1	   6.1776000284e-02	
            220	            130	              0	           1000	 1	   4.0054657243e-02	
            230	            130	              0	           1000	 1	   2.4830150468e-02	
            240	            130	              0	           1000	 1	   1.4696093494e-02	
            250	            130	              0	           1000	 1	   8.2950634316e-03	
            260	            130	              0	           1000	 1	   4.4610996602e-03	
            270	            130	              0	           1000	 1	   2.2853243437e-03	
            280	            130	              0	           1000	 1	   1.1195942067e-03	
            290	            130	              0	           1000	 1	   5.4753486674e-04	
            300	            130	              0	           1000	 1	   3.7006628886e-04	
              0	            140	              0	           1000	 1	   8.5581269858e-01	
             10	            140	              0	           1000	 1	   8.5363397201e-01	
             20	            140	              0	           1000	 1	   8.4719312714e-01	
             30	            140	              0	           1000	 1	   8.3641330037e-01	
             40	            140	              0	           1000	 1	   8.2102739216e-01	
             50	            140	              0	           1000	 1	   8.0063502427e-01	
             60	            140	              0	           1000	 1	   7.7476547702e-01	
             70	            140	              0	           1000	 1	   7.4295503114e-01	
             80	            140	              0	           1000	 1	   7.0484258918e-01	
             90	            140	              0	           1000	 1	   6.6028120675e-01	
            100	            140	              0	           1000	 1	   6.0945519594e-01	
            110	            140	              0	           1000	 1	   5.5298393596e-01	
            120	            140	              0	           1000	 1	   4.9198693632e-01	
            130	            140	              0	           1000	 1	   4.2808341939e-01	
            140	            140	              0	           1000	 1	   3.6330674745e-01	
            150	            140	              0	           1000	 1	   2.9993033522e-01	
            160	            140	              0	           1000	 1	   2.4022451533e-01	
            170	            140	              0	           1000	 1	   1.8618650756e-01	
            180	            140	              0	           1000	 1	   1.3929947691e-01	
            190	            140	              0	           1000	 1	   1.0037459303e-01	
            200	            140	              0	           1000	 1	   6.9510507318e-02	
            210	            140	              0	           1000	 1	   4.6173511434e-02	
            220	            140	              0	           1000	 1	   2.9369955655e-02	
            230	            140	              0	           1000	 1	   1.7861775772e-02	
            240	            140	              0	           1000	 1	   1.0372680258e-02	
            250	            140	              0	           1000	 1	   5.7454956780e-03	
            260	            140	              0	           1000	 1	   3.0329384459e-03	
            270	            140	              0	           1000	 1	   1.5254034876e-03	
            280	            140	              0	           1000	 1	   7.3377722334e-04	
            290	            140	              0	           1000	 1	   3.5232636683e-04	
            300	            140	              0	           1000	 1	   2.3538881358e-04	
              0	            150	              0	           1000	 1	   7.9950128673e-01	
             10	            150	              0	           1000	 1	   7.9695296392e-01	
             20	            150	              0	           1000	 1	   7.8943881816e-01	
             30	            150	              0	           1000	 1	   7.7695112170e-01	
             40	            150	              0	           1000	 1	   7.5932249337e-01	
             50	            150	              0	           1000	 1	   7.3629142931e-01	
             60	            150	              0	           1000	 1	   7.0757442820e-01	
             70	            150	              0	           1000	 1	   6.7294927813e-01	
             80	            150	              0	           1000	 1	   6.3234924743e-01	
             90	            150	              0	           1000	 1	   5.8596183592e-01	
            100	            150	              0	           1000	 1	   5.3431903747e-01	
            110	            150	              0	           1000	 1	   4.7836032624e-01	
            120	            150	              0	           1000	 1	   4.1944719026e-01	
            130	            150	              0	           1000	 1	   3.5931146625e-01	
            140	            150	              0	           1000	 1	   2.9993033522e-01	
            150	            150	              0	           1000	 1	   2.4333756850e-01	
            160	            150	              0	           1000	 1	   1.9139936823e-01	
            170	            150	              0	           1000	 1	   1.4559752933e-01	
            180	            150	              0	           1000	 1	   1.0686628627e-01	
            190	            150	              0	           1000	 1	   7.5518847487e-02	
            200	            150	              0	           1000	 1	   5.1277373769e-02	
            210	            150	              0	           1000	 1	   3.3393330466e-02	
            220	            150	              0	           1000	 1	   2.0823279693e-02	
            230	            150	              0	           1000	 1	   1.2415723454e-02	
            240	            150	              0	           1000	 1	   7.0695688099e-03	
            250	            150	              0	           1000	 1	   3.8402793294e-03	
            260	            150	              0	           1000	 1	   1.9885265568e-03	
            270	            150	              0	           1000	 1	   9.8127457411e-04	
            280	            150	              0	           1000	 1	   4.6319354751e-04	
            290	            150	              0	           1000	 1	   2.1821524920e-04	
            300	            150	              0	           1000	 1	   1.4403382618e-04	
              0	            160	              0	           1000	 1	   7.3096144715e-01	
             10	            160	              0	           1000	 1	   7.2810647385e-01	
             20	            160	              0	           1000	 1	   7.1970884850e-01	
             30	            160	              0	           1000	 1	   7.0584505417e-01	
             40	            160	              0	           1000	 1	   6.8647457410e-01	
             50	            160	              0	           1000	 1	   6.6150808548e-01	
             60	            160	              0	           1000	 1	   6.3088153900e-01	
             70	            160	              0	           1000	 1	   5.9463672440e-01	
             80	            160	              0	           1000	 1	   5.5300447434e-01	
             90	            160	              0	           1000	 1	   5.0648158936e-01	
            100	            160	              0	           1000	 1	   4.5588793249e-01	
            110	            160	              0	           1000	 1	   4.0238758951e-01	
            120	            160	              0	           1000	 1	   3.4745938676e-01	
            130	            160	              0	           1000	 1	   2.9280873099e-01	
            140	            160	              0	           1000	 1	   2.4022451533e-01	
            150	            160	              0	           1000	 1	   1.9139936823e-01	
            160	            160	              0	           1000	 1	   1.4774442316e-01	
            170	            160	              0	           1000	 1	   1.1023595401e-01	
            180	            160	              0	           1000	 1	   7.9327029318e-02	
            190	            160	              0	           1000	 1	   5.4942719199e-02	
            200	            160	              0	           1000	 1	   3.6556540514e-02	
            210	            160	              0	           1000	 1	   2.3325814607e-02	
            220	            160	              0	           1000	 1	   1.4251348108e-02	
            230	            160	              0	           1000	 1	   8.3259698701e-03	
            240	            160	              0	           1000	 1	   4.6458790704e-03	
            250	            160	              0	           1000	 1	   2.4736127762e-03	
            260	            160	              0	           1000	 1	   1.2557297675e-03	
            270	            160	              0	           1000	 1	   6.0765886458e-04	
            280	            160	              0	           1000	 1	   2.8131504164e-04	
            290	            160	              0	           1000	 1	   1.2996082797e-04	
            300	            160	              0	           1000	 1	   8.4709231505e-05	
              0	            170	              0	           1000	 1	   6.5152454562e-01	
             10	            170	              0	           1000	 1	   6.4846784799e-01	
             20	            170	              0	           1000	 1	   6.3949816619e-01	
             30	            170	              0	           1000	 1	   6.2478216563e-01	
             40	            170	              0	           1000	 1	   6.0441980403e-01	
             50	            170	              0	           1000	 1	   5.7850841549e-01	
             60	            170	              0	           1000	 1	   5.4721085545e-01	
             70	            170	              0	           1000	 1	   5.1082489435e-01	
             80	            170	              0	           1000	 1	   4.6984754384e-01	
             90	            170	              0	           1000	 1	   4.2502455769e-01	
            100	            170	              0	           1000	 1	   3.7737314332e-01	
            110	            170	              0	           1000	 1	   3.2816632260e-01	
            120	            170	              0	           1000	 1	   2.7887151141e-01	
            130	            170	              0	           1000	 1	   2.3104396610e-01	
            140	            170	              0	           1000	 1	   1.8618650756e-01	
            150	            170	              0	           1000	 1	   1.4559752933e-01	
            160	            170	              0	           1000	 1	   1.1023595401e-01	
            170	            170	              0	           1000	 1	   8.0631259892e-02	
            180	            170	              0	           1000	 1	   5.6857848066e-02	
            190	            170	              0	           1000	 1	   3.8577893501e-02	
            200	            170	              0	           1000	 1	   2.5140178344e-02	
            210	            170	              0	           1000	 1	   1.5709870397e-02	
            220	            170	              0	           1000	 1	   9.3998215944e-03	
            230	            170	              0	           1000	 1	   5.3784273846e-03	
            240	            170	              0	           1000	 1	   2.9397036385e-03	
            250	            170	              0	           1000	 1	   1.5334378476e-03	
            260	            170	              0	           1000	 1	   7.6283963638e-04	
            270	            170	              0	           1000	 1	   3.6183471793e-04	
            280	            170	              0	           1000	 1	   1.6421597018e-04	
            290	            170	              0	           1000	 1	   7.4358571480e-05	
            300	            170	              0	           1000	 1	   4.7842751797e-05	
              0	            180	              0	           1000	 1	   5.6399412225e-01	
             10	            180	              0	           1000	 1	   5.6087306421e-01	
             20	            180	              0	           1000	 1	   5.5173542837e-01	
             30	            180	              0	           1000	 1	   5.3683230411e-01	
             40	            180	              0	           1000	 1	   5.1639980667e-01	
             50	            180	              0	           1000	 1	   4.9071272627e-01	
             60	            180	              0	           1000	 1	   4.6013975814e-01	
             70	            180	              0	           1000	 1	   4.2519518570e-01	
             80	            180	              0	           1000	 1	   3.8657967590e-01	
             90	            180	              0	           1000	 1	   3.4520126203e-01	
            100	            180	              0	           1000	 1	   3.0216765048e-01	
            110	            180	              0	           1000	 1	   2.5874358449e-01	
            120	            180	              0	           1000	 1	   2.1627247386e-01	
            130	            180	              0	           1000	 1	   1.7606923278e-01	
            140	            180	              0	           1000	 1	   1.3929947691e-01	
            150	            180	              0	           1000	 1	   1.0686628627e-01	
            160	            180	              0	           1000	 1	   7.9327029318e-02	
            170	            180	              0	           1000	 1	   5.6857848066e-02	
            180	            180	              0	           1000	 1	   3.9273040905e-02	
            190	            180	              0	           1000	 1	   2.6093688782e-02	
            200	            180	              0	           1000	 1	   1.6648621472e-02	
            210	            180	              0	           1000	 1	   1.0184889291e-02	
            220	            180	              0	           1000	 1	   5.9658838043e-03	
            230	            180	              0	           1000	 1	   3.3420469060e-03	
            240	            180	              0	           1000	 1	   1.7886376684e-03	
            250	            180	              0	           1000	 1	   9.1375783585e-04	
            260	            180	              0	           1000	 1	   4.4529609584e-04	
            270	            180	              0	           1000	 1	   2.0696098653e-04	
            280	            180	              0	           1000	 1	   9.2048460735e-05	
            290	            180	              0	           1000	 1	   4.0838296678e-05	
            300	            180	              0	           1000	 1	   2.5927967605e-05	
              0	            190	              0	           1000	 1	   4.7243234957e-01	
             10	            190	              0	           1000	 1	   4.6939894086e-01	
             20	            190	              0	           1000	 1	   4.6053749579e-01	
             30	            190	              0	           1000	 1	   4.4616588725e-01	
             40	            190	              0	           1000	 1	   4.2663352823e-01	
             50	            190	              0	           1000	 1	   4.0236002348e-01	
             60	            190	              0	           1000	 1	   3.7387285531e-01	
             70	            190	              0	           1000	 1	   3.4183802690e-01	
             80	            190	              0	           1000	 1	   3.0707671722e-01	
             90	            190	              0	           1000	 1	   2.7056109797e-01	
            100	            190	              0	           1000	 1	   2.3338420461e-01	
            110	            190	              0	           1000	 1	   1.9670249292e-01	
            120	            190	              0	           1000	 1	   1.6165517673e-01	
            130	            190	              0	           1000	 1	   1.2927056028e-01	
            140	            190	              0	           1000	 1	   1.0037459303e-01	
            150	            190	              0	           1000	 1	   7.5518847487e-02	
            160	            190	              0	           1000	 1	   5.4942719199e-02	
            170	            190	              0	           1000	 1	   3.8577893501e-02	
            180	            190	              0	           1000	 1	   2.6093688782e-02	
            190	            190	              0	           1000	 1	   1.6972636970e-02	
            200	            190	              0	           1000	 1	   1.0599570032e-02	
            210	            190	              0	           1000	 1	   6.3463695324e-03	
            220	            190	              0	           1000	 1	   3.6383284126e-03	
            230	            190	              0	           1000	 1	   1.9949360467e-03	
            240	            190	              0	           1000	 1	   1.0451723428e-03	
            250	            190	              0	           1000	 1	   5.2279353108e-04	
            260	            190	              0	           1000	 1	   2.4950884588e-04	
            270	            190	              0	           1000	 1	   1.1359927882e-04	
            280	            190	              0	           1000	 1	   4.9501048793e-05	
            290	            190	              0	           1000	 1	   2.1511681215e-05	
            300	            190	              0	           1000	 1	   1.3472530948e-05	
              0	            200	              0	           1000	 1	   3.8163074550e-01	
             10	            200	              0	           1000	 1	   3.7882915707e-01	
             20	            200	              0	           1000	 1	   3.7066237211e-01	
             30	            200	              0	           1000	 1	   3.5748823308e-01	
             40	            200	              0	           1000	 1	   3.3973183504e-01	
             50	            200	              0	           1000	 1	   3.1790728652e-01	
             60	            200	              0	           1000	 1	   2.9263643496e-01	
             70	            200	              0	           1000	 1	   2.6465882899e-01	
             80	            200	              0	           1000	 1	   2.3482744112e-01	
             90	            200	              0	           1000	 1	   2.0408596126e-01	
            100	            200	              0	           1000	 1	   1.7342608536e-01	
            110	            200	              0	           1000	 1	   1.4382706981e-01	
            120	            200	              0	           1000	 1	   1.1618427069e-01	
            130	            200	              0	           1000	 1	   9.1237306067e-02	
            140	            200	              0	           1000	 1	   6.9510507318e-02	
            150	            200	              0	           1000	 1	   5.1277373769e-02	
            160	            200	              0	           1000	 1	   3.6556540514e-02	
            170	            200	              0	           1000	 1	   2.5140178344e-02	
            180	            200	              0	           1000	 1	   1.6648621472e-02	
            190	            200	              0	           1000	 1	   1.0599570032e-02	
            200	            200	              0	           1000	 1	   6.4781139738e-03	
            210	            200	              0	           1000	 1	   3.7955191437e-03	
            220	            200	              0	           1000	 1	   2.1292791396e-03	
            230	            200	              0	           1000	 1	   1.1425510672e-03	
            240	            200	              0	           1000	 1	   5.8588129303e-04	
            250	            200	              0	           1000	 1	   2.8688677860e-04	
            260	            200	              0	           1000	 1	   1.3406896884e-04	
            270	            200	              0	           1000	 1	   5.9784880064e-05	
            280	            200	              0	           1000	 1	   2.5519089901e-05	
            290	            200	              0	           1000	 1	   1.0860504696e-05	
            300	            200	              0	           1000	 1	   6.7082220380e-06	
              0	            210	              0	           1000	 1	   2.9636857580e-01	
             10	            210	              0	           1000	 1	   2.9391346147e-01	
             20	            210	              0	           1000	 1	   2.8677144032e-01	
             30	            210	              0	           1000	 1	   2.7530933290e-01	
             40	            210	              0	           1000	 1	   2.5998289031e-01	
             50	            210	              0	           1000	 1	   2.4134264194e-01	
             60	            210	              0	           1000	 1	   2.2003546254e-01	
             70	            210	              0	           1000	 1	   1.9679741976e-01	
             80	            210	              0	           1000	 1	   1.7243443198e-01	
             90	            210	              0	           1000	 1	   1.4778912010e-01	
            100	            210	              0	           1000	 1	   1.2369494003e-01	
            110	            210	              0	           1000	 1	   1.0092186576e-01	
            120	            210	              0	           1000	 1	   8.0120839904e-02	
            130	            210	              0	           1000	 1	   6.1776000284e-02	
            140	            210	              0	           1000	 1	   4.6173511434e-02	
            150	            210	              0	           1000	 1	   3.3393330466e-02	
            160	            210	              0	           1000	 1	   2.3325814607e-02	
            170	            210	              0	           1000	 1	   1.5709870397e-02	
            180	            210	              0	           1000	 1	   1.0184889291e-02	
            190	            210	              0	           1000	 1	   6.3463695324e-03	
            200	            210	              0	           1000	 1	   3.7955191437e-03	
            210	            210	              0	           1000	 1	   2.1759236685e-03	
            220	            210	              0	           1000	 1	   1.1944113051e-03	
            230	            210	              0	           1000	 1	   6.2715640704e-04	
            240	            210	              0	           1000	 1	   3.1473609566e-04	
            250	            210	              0	           1000	 1	   1.5085717187e-04	
            260	            210	              0	           1000	 1	   6.9024578828e-05	
            270	            210	              0	           1000	 1	   3.0143724089e-05	
            280	            210	              0	           1000	 1	   1.2602640908e-05	
            290	            210	              0	           1000	 1	   5.2518413498e-06	
            300	            210	              0	           1000	 1	   3.1984393865e-06	
              0	            220	              0	           1000	 1	   2.2064627638e-01	
             10	            220	              0	           1000	 1	   2.1860749948e-01	
             20	            220	              0	           1000	 1	   2.1268848257e-01	
             30	            220	              0	           1000	 1	   2.0323573176e-01	
             40	            220	              0	           1000	 1	   1.9069201056e-01	
             50	            220	              0	           1000	 1	   1.7558957297e-01	
             60	            220	              0	           1000	 1	   1.5853877486e-01	
             70	            220	              0	           1000	 1	   1.4020934500e-01	
             80	            220	              0	           1000	 1	   1.2130284008e-01	
             90	            220	              0	           1000	 1	   1.0251665972e-01	
            100	            220	              0	           1000	 1	   8.4502223143e-02	
            110	            220	              0	           1000	 1	   6.7822051078e-02	
            120	            220	              0	           1000	 1	   5.2911947750e-02	
            130	            220	              0	           1000	 1	   4.0054657243e-02	
            140	            220	              0	           1000	 1	   2.9369955655e-02	
            150	            220	              0	           1000	 1	   2.0823279693e-02	
            160	            220	              0	           1000	 1	   1.4251348108e-02	
            170	            220	              0	           1000	 1	   9.3998215944e-03	
            180	            220	              0	           1000	 1	   5.9658838043e-03	
            190	            220	              0	           1000	 1	   3.6383284126e-03	
            200	            220	              0	           1000	 1	   2.1292791396e-03	
            210	            220	              0	           1000	 1	   1.1944113051e-03	
            220	            220	              0	           1000	 1	   6.4152099913e-04	
            230	            220	              0	           1000	 1	   3.2961580636e-04	
            240	            220	              0	           1000	 1	   1.6188611446e-04	
            250	            220	              0	           1000	 1	   7.5952025366e-05	
            260	            220	              0	           1000	 1	   3.4024098981e-05	
            270	            220	              0	           1000	 1	   1.4551151508e-05	
            280	            220	              0	           1000	 1	   5.9585558562e-06	
            290	            220	              0	           1000	 1	   2.4313180834e-06	
            300	            220	              0	           1000	 1	   1.4598487353e-06	
              0	            230	              0	           1000	 1	   1.5710076986e-01	
             10	            230	              0	           1000	 1	   1.5549817658e-01	
             20	            230	              0	           1000	 1	   1.5085451848e-01	
             30	            230	              0	           1000	 1	   1.4347343711e-01	
             40	            230	              0	           1000	 1	   1.3375010595e-01	
             50	            230	              0	           1000	 1	   1.2215639608e-01	
             60	            230	              0	           1000	 1	   1.0922182336e-01	
             70	            230	              0	           1000	 1	   9.5509223209e-02	
             80	            230	              0	           1000	 1	   8.1585254632e-02	
             90	            230	              0	           1000	 1	   6.7987304477e-02	
            100	            230	              0	           1000	 1	   5.5189843200e-02	
            110	            230	              0	           1000	 1	   4.3574373454e-02	
            120	            230	              0	           1000	 1	   3.3407407526e-02	
            130	            230	              0	           1000	 1	   2.4830150468e-02	
            140	            230	              0	           1000	 1	   1.7861775772e-02	
            150	            230	              0	           1000	 1	   1.2415723454e-02	
            160	            230	              0	           1000	 1	   8.3259698701e-03	
            170	            230	              0	           1000	 1	   5.3784273846e-03	
            180	            230	              0	           1000	 1	   3.3420469060e-03	
            190	            230	              0	           1000	 1	   1.9949360467e-03	
            200	            230	              0	           1000	 1	   1.1425510672e-03	
            210	            230	              0	           1000	 1	   6.2715640704e-04	
            220	            230	              0	           1000	 1	   3.2961580636e-04	
            230	            230	              0	           1000	 1	   1.6573211491e-04	
            240	            230	              0	           1000	 1	   7.9664127348e-05	
            250	            230	              0	           1000	 1	   3.6586735603e-05	
            260	            230	              0	           1000	 1	   1.6047156320e-05	
            270	            230	              0	           1000	 1	   6.7211154129e-06	
            280	            230	              0	           1000	 1	   2.6957354838e-06	
            290	            230	              0	           1000	 1	   1.0770252864e-06	
            300	            230	              0	           1000	 1	   6.3744053744e-07	
              0	            240	              0	           1000	 1	   1.0675067887e-01	
             10	            240	              0	           1000	 1	   1.0555930840e-01	
             20	            240	              0	           1000	 1	   1.0211369662e-01	
             30	            240	              0	           1000	 1	   9.6661681784e-02	
             40	            240	              0	           1000	 1	   8.9529786336e-02	
             50	            240	              0	           1000	 1	   8.1104911550e-02	
             60	            240	              0	           1000	 1	   7.1812665966e-02	
             70	            240	              0	           1000	 1	   6.2092545507e-02	
             80	            240	              0	           1000	 1	   5.2371045330e-02	
             90	            240	              0	           1000	 1	   4.3034716232e-02	
            100	            240	              0	           1000	 1	   3.4405916009e-02	
            110	            240	              0	           1000	 1	   2.6724277501e-02	
            120	            240	              0	           1000	 1	   2.0136515055e-02	
            130	            240	              0	           1000	 1	   1.4696093494e-02	
            140	            240	              0	           1000	 1	   1.0372680258e-02	
            150	            240	              0	           1000	 1	   7.0695688099e-03	
            160	            240	              0	           1000	 1	   4.6458790704e-03	
            170	            240	              0	           1000	 1	   2.9397036385e-03	
            180	            240	              0	           1000	 1	   1.7886376684e-03	
            190	            240	              0	           1000	 1	   1.0451723428e-03	
            200	            240	              0	           1000	 1	   5.8588129303e-04	
            210	            240	              0	           1000	 1	   3.1473609566e-04	
            220	            240	              0	           1000	 1	   1.6188611446e-04	
            230	            240	              0	           1000	 1	   7.9664127348e-05	
            240	            240	              0	           1000	 1	   3.7482064088e-05	
            250	            240	              0	           1000	 1	   1.6852411466e-05	
            260	            240	              0	           1000	 1	   7.2378021577e-06	
            270	            240	              0	           1000	 1	   2.9690859479e-06	
            280	            240	              0	           1000	 1	   1.1665191736e-06	
            290	            240	              0	           1000	 1	   4.5638680046e-07	
            300	            240	              0	           1000	 1	   2.6627315511e-07	
              0	            250	              0	           1000	 1	   6.9106390031e-02	
             10	            250	              0	           1000	 1	   6.8269347061e-02	
             20	            250	              0	           1000	 1	   6.5852915634e-02	
             30	            250	              0	           1000	 1	   6.2046023455e-02	
             40	            250	              0	           1000	 1	   5.7099629101e-02	
             50	            250	              0	           1000	 1	   5.1308648176e-02	
             60	            250	              0	           1000	 1	   4.4991506123e-02	
             70	            250	              0	           1000	 1	   3.8468278899e-02	
             80	            250	              0	           1000	 1	   3.2038907040e-02	
             90	            250	              0	           1000	 1	   2.5963394734e-02	
            100	            250	              0	           1000	 1	   2.0446072495e-02	
            110	            250	              0	           1000	 1	   1.5625778833e-02	
            120	            250	              0	           1000	 1	   1.1573136479e-02	
            130	            250	              0	           1000	 1	   8.2950634316e-03	
            140	            250	              0	           1000	 1	   5.7454956780e-03	
            150	            250	              0	           1000	 1	   3.8402793294e-03	
            160	            250	              0	           1000	 1	   2.4736127762e-03	
            170	            250	              0	           1000	 1	   1.5334378476e-03	
            180	            250	              0	           1000	 1	   9.1375783585e-04	
            190	            250	              0	           1000	 1	   5.2279353108e-04	
            200	            250	              0	           1000	 1	   2.8688677860e-04	
            210	            250	              0	           1000	 1	   1.5085717187e-04	
            220	            250	              0	           1000	 1	   7.5952025366e-05	
            230	            250	              0	           1000	 1	   3.6586735603e-05	
            240	            250	              0	           1000	 1	   1.6852411466e-05	
            250	            250	              0	           1000	 1	   7.4190383574e-06	
            260	            250	              0	           1000	 1	   3.1205255721e-06	
            270	            250	              0	           1000	 1	   1.2539434028e-06	
            280	            250	              0	           1000	 1	   4.8265684508e-07	
            290	            250	              0	           1000	 1	   1.8493264363e-07	
            300	            250	              0	           1000	 1	   1.0634452484e-07	
              0	            260	              0	           1000	 1	   4.2563763382e-02	
             10	            260	              0	           1000	 1	   4.2008162847e-02	
             20	            260	              0	           1000	 1	   4.0407056708e-02	
             30	            260	              0	           1000	 1	   3.7895223717e-02	
             40	            260	              0	           1000	 1	   3.4652666443e-02	
             50	            260	              0	           1000	 1	   3.0889107069e-02	
             60	            260	              0	           1000	 1	   2.6827015368e-02	
             70	            260	              0	           1000	 1	   2.2684377926e-02	
             80	            260	              0	           1000	 1	   1.8658687441e-02	
             90	            260	              0	           1000	 1	   1.4913675411e-02	
            100	            260	              0	           1000	 1	   1.1570135107e-02	
            110	            260	              0	           1000	 1	   8.7017607323e-03	
            120	            260	              0	           1000	 1	   6.3362459877e-03	
            130	            260	              0	           1000	 1	   4.4610996602e-03	
            140	            260	              0	           1000	 1	   3.0329384459e-03	
            150	            260	              0	           1000	 1	   1.9885265568e-03	
            160	            260	              0	           1000	 1	   1.2557297675e-03	
            170	            260	              0	           1000	 1	   7.6283963638e-04	
            180	            260	              0	           1000	 1	   4.4529609584e-04	
            190	            260	              0	           1000	 1	   2.4950884588e-04	
            200	            260	              0	           1000	 1	   1.3406896884e-04	
            210	            260	              0	           1000	 1	   6.9024578828e-05	
            220	            260	              0	           1000	 1	   3.4024098981e-05	
            230	            260	              0	           1000	 1	   1.6047156320e-05	
            240	            260	              0	           1000	 1	   7.2378021577e-06	
            250	            260	              0	           1000	 1	   3.1205255721e-06	
            260	            260	              0	           1000	 1	   1.2856640711e-06	
            270	            260	              0	           1000	 1	   5.0616472845e-07	
            280	            260	              0	           1000	 1	   1.9090679231e-07	
            290	            260	              0	           1000	 1	   7.1647765032e-08	
            300	            260	              0	           1000	 1	   4.0609862638e-08	
              0	            270	              0	           1000	 1	   2.4932073189e-02	
             10	            270	              0	           1000	 1	   2.4583471499e-02	
             20	            270	              0	           1000	 1	   2.3580615674e-02	
             30	            270	              0	           1000	 1	   2.2013703897e-02	
             40	            270	              0	           1000	 1	   2.0003614836e-02	
             50	            270	              0	           1000	 1	   1.7689950563e-02	
             60	            270	              0	           1000	 1	   1.5218313838e-02	
             70	            270	              0	           1000	 1	   1.2727912141e-02	
             80	            270	              0	           1000	 1	   1.0340758684e-02	
             90	            270	              0	           1000	 1	   8.1535231973e-03	
            100	            270	              0	           1000	 1	   6.2327709287e-03	
            110	            270	              0	           1000	 1	   4.6139225445e-03	
            120	            270	              0	           1000	 1	   3.3037004111e-03	
            130	            270	              0	           1000	 1	   2.2853243437e-03	
            140	            270	              0	           1000	 1	   1.5254034876e-03	
            150	            270	              0	           1000	 1	   9.8127457411e-04	
            160	            270	              0	           1000	 1	   6.0765886458e-04	
            170	            270	              0	           1000	 1	   3.6183471793e-04	
            180	            270	              0	           1000	 1	   2.0696098653e-04	
            190	            270	              0	           1000	 1	   1.1359927882e-04	
            200	            270	              0	           1000	 1	   5.9784880064e-05	
            210	            270	              0	           1000	 1	   3.0143724089e-05	
            220	            270	              0	           1000	 1	   1.4551151508e-05	
            230	            270	              0	           1000	 1	   6.7211154128e-06	
            240	            270	              0	           1000	 1	   2.9690859479e-06	
            250	            270	              0	           1000	 1	   1.2539434028e-06	
            260	            270	              0	           1000	 1	   5.0616472845e-07	
            270	            270	              0	           1000	 1	   1.9528152696e-07	
            280	            270	              0	           1000	 1	   7.2185461919e-08	
            290	            270	              0	           1000	 1	   2.6541287513e-08	
            300	            270	              0	           1000	 1	   1.4828097713e-08	
              0	            280	              0	           1000	 1	   1.3956212825e-02	
             10	            280	              0	           1000	 1	   1.3748203443e-02	
             20	            280	              0	           1000	 1	   1.3150820853e-02	
             30	            280	              0	           1000	 1	   1.2221141787e-02	
             40	            280	              0	           1000	 1	   1.1035793533e-02	
             50	            280	              0	           1000	 1	   9.6824954139e-03	
             60	            280	              0	           1000	 1	   8.2512542847e-03	
             70	            280	              0	           1000	 1	   6.8260663669e-03	
             80	            280	              0	           1000	 1	   5.4781584136e-03	
             90	            280	              0	           1000	 1	   4.2613673606e-03	
            100	            280	              0	           1000	 1	   3.2099816392e-03	
            110	            280	              0	           1000	 1	   2.3391092971e-03	
            120	            280	              0	           1000	 1	   1.6471342554e-03	
            130	            280	              0	           1000	 1	   1.1195942067e-03	
            140	            280	              0	           1000	 1	   7.3377722334e-04	
            150	            280	              0	           1000	 1	   4.6319354751e-04	
            160	            280	              0	           1000	 1	   2.8131504164e-04	
            170	            280	              0	           1000	 1	   1.6421597018e-04	
            180	            280	              0	           1000	 1	   9.2048460735e-05	
            190	            280	              0	           1000	 1	   4.9501048793e-05	
            200	            280	              0	           1000	 1	   2.5519089901e-05	
            210	            280	              0	           1000	 1	   1.2602640908e-05	
            220	            280	              0	           1000	 1	   5.9585558562e-06	
            230	            280	              0	           1000	 1	   2.6957354837e-06	
            240	            280	              0	           1000	 1	   1.1665191736e-06	
            250	            280	              0	           1000	 1	   4.8265684508e-07	
            260	            280	              0	           1000	 1	   1.9090679231e-07	
            270	            280	              0	           1000	 1	   7.2185461919e-08	
            280	            280	              0	           1000	 1	   2.6155034721e-08	
            290	            280	              0	           1000	 1	   9.4227994414e-09	
            300	            280	              0	           1000	 1	   5.1893764334e-09	
              0	            290	              0	           1000	 1	   7.7978453106e-03	
             10	            290	              0	           1000	 1	   7.6744768547e-03	
             20	            290	              0	           1000	 1	   7.3207964177e-03	
             30	            290	              0	           1000	 1	   6.7725649594e-03	
             40	            290	              0	           1000	 1	   6.0776398090e-03	
             50	            290	              0	           1000	 1	   5.2905255482e-03	
             60	            290	              0	           1000	 1	   4.4662232020e-03	
             70	            290	              0	           1000	 1	   3.6548157741e-03	
             80	            290	              0	           1000	 1	   2.8974098546e-03	
             90	            290	              0	           1000	 1	   2.2235924683e-03	
            100	            290	              0	           1000	 1	   1.6505377926e-03	
            110	            290	              0	           1000	 1	   1.1839076422e-03	
            120	            290	              0	           1000	 1	   8.1983131187e-04	
            130	            290	              0	           1000	 1	   5.4753486674e-04	
            140	            290	              0	           1000	 1	   3.5232636683e-04	
            150	            290	              0	           1000	 1	   2.1821524920e-04	
            160	            290	              0	           1000	 1	   1.2996082797e-04	
            170	            290	              0	           1000	 1	   7.4358571480e-05	
            180	            290	              0	           1000	 1	   4.0838296678e-05	
            190	            290	              0	           1000	 1	   2.1511681215e-05	
            200	            290	              0	           1000	 1	   1.0860504696e-05	
            210	            290	              0	           1000	 1	   5.2518413498e-06	
            220	            290	              0	           1000	 1	   2.4313180834e-06	
            230	            290	              0	           1000	 1	   1.0770252864e-06	
            240	            290	              0	           1000	 1	   4.5638680046e-07	
            250	            290	              0	           1000	 1	   1.8493264363e-07	
            260	            290	              0	           1000	 1	   7.1647765032e-08	
            270	            290	              0	           1000	 1	   2.6541287513e-08	
            280	            290	              0	           1000	 1	   9.4227994414e-09	
            290	            290	              0	           1000	 1	   3.3246023898e-09	
            300	            290	              0	           1000	 1	   1.8037764218e-09	
              0	            300	              0	           1000	 1	   5.7178705568e-03	
             10	            300	              0	           1000	 1	   5.6242700282e-03	
             20	            300	              0	           1000	 1	   5.3562492909e-03	
             30	            300	              0	           1000	 1	   4.9419582391e-03	
             40	            300	              0	           1000	 1	   4.4183033688e-03	
             50	            300	              0	           1000	 1	   3.8279729392e-03	
             60	            300	              0	           1000	 1	   3.2133159306e-03	
             70	            300	              0	           1000	 1	   2.6123082463e-03	
             80	            300	              0	           1000	 1	   2.0556039879e-03	
             90	            300	              0	           1000	 1	   1.5646378767e-03	
            100	            300	              0	           1000	 1	   1.1509634289e-03	
            110	            300	              0	           1000	 1	   8.1752671833e-04	
            120	            300	              0	           1000	 1	   5.6025548933e-04	
            130	            300	              0	           1000	 1	   3.7006628886e-04	
            140	            300	              0	           1000	 1	   2.3538881358e-04	
            150	            300	              0	           1000	 1	   1.4403382618e-04	
            160	            300	              0	           1000	 1	   8.4709231505e-05	
            170	            300	              0	           1000	 1	   4.7842751797e-05	
            180	            300	              0	           1000	 1	   2.5927967605e-05	
            190	            300	              0	           1000	 1	   1.3472530948e-05	
            200	            300	              0	           1000	 1	   6.7082220380e-06	
            210	            300	              0	           1000	 1	   3.1984393865e-06	
            220	            300	              0	           1000	 1	   1.4598487353e-06	
            230	            300	              0	           1000	 1	   6.3744053744e-07	
            240	            300	              0	           1000	 1	   2.6627315511e-07	
            250	            300	              0	           1000	 1	   1.0634452484e-07	
            260	            300	              0	           1000	 1	   4.0609862638e-08	
            270	            300	              0	           1000	 1	   1.4828097713e-08	
            280	            300	              0	           1000	 1	   5.1893764334e-09	
            290	            300	              0	           1000	 1	   1.8037764218e-09	
            300	            300	              0	           1000	 1	   9.6844683590e-10	
