              x	              y	              z	           time	in	          pH	          Ca	          Mg	          Na	          Cl	        C(4)	         SO4	          As	
              0	              0	            100	          10000	 1	     5.70623	  1.8310e+04	  3.8779e+03	  1.2239e+05	  2.3186e+05	  2.4886e+02	  4.4676e+02	  7.6516e-01	
           6000	              0	            100	          10000	 1	      5.6782	  1.7035e+04	  3.7352e+03	  1.1535e+05	  2.1836e+05	  2.8194e+02	  4.2110e+02	  8.5497e-01	
          12000	              0	            100	          10000	 1	     5.61198	  1.3741e+04	  3.3080e+03	  9.6492e+04	  1.8221e+05	  4.1512e+02	  3.5287e+02	  1.0831e+00	
          18000	              0	            100	          10000	 1	     5.60692	  9.1134e+03	  2.5351e+03	  6.8151e+04	  1.2808e+05	  7.4468e+02	  2.5217e+02	  1.0732e+00	
          24000	              0	            100	          10000	 1	     5.78097	  4.5834e+03	  1.5060e+03	  3.7995e+04	  7.0579e+04	  1.1533e+03	  1.4790e+02	  5.2614e-01	
          30000	              0	            100	          10000	 1	     6.16209	  1.1964e+03	  4.6320e+02	  1.3084e+04	  2.3130e+04	  1.3376e+03	  6.4094e+01	  1.6158e-01	
          36000	              0	            100	          10000	 1	     6.21939	  8.9808e+02	  3.5424e+02	  1.0825e+04	  1.8770e+04	  1.4216e+03	  5.6378e+01	  1.4044e-01	
          42000	              0	            100	          10000	 1	     6.18947	  9.7063e+02	  3.8066e+02	  1.1548e+04	  2.0081e+04	  1.4706e+03	  5.8538e+01	  1.4598e-01	
          48000	              0	            100	          10000	 1	     6.45017	  3.7542e+02	  1.5472e+02	  5.9979e+03	  9.7869e+03	  1.3799e+03	  4.1341e+01	  1.1105e-01	
          54000	              0	            100	          10000	 1	     6.62218	  2.0165e+02	  8.4842e+01	  4.0485e+03	  6.2439e+03	  1.3356e+03	  3.5765e+01	  1.1427e-01	
          60000	              0	            100	          10000	 1	     6.66492	  1.7313e+02	  7.3137e+01	  3.6911e+03	  5.6005e+03	  1.3285e+03	  3.4800e+01	  1.1785e-01	
          66000	              0	            100	          10000	 1	     6.68398	  1.6219e+02	  6.8629e+01	  3.5468e+03	  5.3432e+03	  1.3230e+03	  3.4420e+01	  1.1988e-01	
          72000	              0	            100	          10000	 1	     6.70161	  1.5272e+02	  6.4716e+01	  3.4199e+03	  5.1171e+03	  1.3182e+03	  3.4092e+01	  1.2199e-01	
          78000	              0	            100	          10000	 1	     6.71961	  1.4360e+02	  6.0939e+01	  3.2961e+03	  4.8965e+03	  1.3139e+03	  3.3778e+01	  1.2436e-01	
          84000	              0	            100	          10000	 1	     6.73795	  1.3497e+02	  5.7357e+01	  3.1761e+03	  4.6835e+03	  1.3092e+03	  3.3477e+01	  1.2702e-01	
          90000	              0	            100	          10000	 1	      6.7571	  1.2654e+02	  5.3851e+01	  3.0562e+03	  4.4711e+03	  1.3045e+03	  3.3177e+01	  1.3006e-01	
              0	           6000	            100	          10000	 1	     5.70486	  1.8248e+04	  3.8713e+03	  1.2205e+05	  2.3122e+05	  2.5029e+02	  4.4553e+02	  7.6941e-01	
           6000	           6000	            100	          10000	 1	     5.67227	  1.6788e+04	  3.7063e+03	  1.1396e+05	  2.1570e+05	  2.8970e+02	  4.1607e+02	  8.7385e-01	
          12000	           6000	            100	          10000	 1	     5.60414	  1.3182e+04	  3.2265e+03	  9.3151e+04	  1.7584e+05	  4.4600e+02	  3.4099e+02	  1.1116e+00	
          18000	           6000	            100	          10000	 1	     5.62855	  8.2838e+03	  2.3712e+03	  6.2734e+04	  1.1778e+05	  8.0648e+02	  2.3354e+02	  9.9010e-01	
          24000	           6000	            100	          10000	 1	     5.86233	  3.6523e+03	  1.2495e+03	  3.1246e+04	  5.7792e+04	  1.1726e+03	  1.2539e+02	  3.9752e-01	
          30000	           6000	            100	          10000	 1	     6.30799	  7.7654e+02	  3.1007e+02	  9.2767e+03	  1.6098e+04	  1.1922e+03	  5.2110e+01	  1.3290e-01	
          36000	           6000	            100	          10000	 1	      6.4324	  4.3996e+02	  1.8043e+02	  6.4554e+03	  1.0724e+04	  1.2752e+03	  4.2843e+01	  1.1492e-01	
          42000	           6000	            100	          10000	 1	     6.47643	  3.6180e+02	  1.4947e+02	  5.7350e+03	  9.3652e+03	  1.3016e+03	  4.0604e+01	  1.1213e-01	
          48000	           6000	            100	          10000	 1	     6.58277	  2.4235e+02	  1.0149e+02	  4.4594e+03	  7.0259e+03	  1.2920e+03	  3.6855e+01	  1.1294e-01	
          54000	           6000	            100	          10000	 1	     6.70807	  1.5553e+02	  6.5919e+01	  3.4004e+03	  5.1164e+03	  1.2671e+03	  3.3960e+01	  1.2359e-01	
          60000	           6000	            100	          10000	 1	     6.73024	  1.4347e+02	  6.0920e+01	  3.2448e+03	  4.8351e+03	  1.2678e+03	  3.3557e+01	  1.2650e-01	
          66000	           6000	            100	          10000	 1	     6.74677	  1.3572e+02	  5.7698e+01	  3.1381e+03	  4.6457e+03	  1.2635e+03	  3.3283e+01	  1.2901e-01	
          72000	           6000	            100	          10000	 1	     6.76625	  1.2726e+02	  5.4181e+01	  3.0188e+03	  4.4348e+03	  1.2575e+03	  3.2979e+01	  1.3225e-01	
          78000	           6000	            100	          10000	 1	     6.78784	  1.1858e+02	  5.0561e+01	  2.8936e+03	  4.2142e+03	  1.2508e+03	  3.2665e+01	  1.3622e-01	
          84000	           6000	            100	          10000	 1	     6.80875	  1.1078e+02	  4.7300e+01	  2.7788e+03	  4.0121e+03	  1.2447e+03	  3.2380e+01	  1.4044e-01	
          90000	           6000	            100	          10000	 1	     6.82707	  1.0418e+02	  4.4534e+01	  2.6815e+03	  3.8398e+03	  1.2419e+03	  3.2145e+01	  1.4441e-01	
              0	          12000	            100	          10000	 1	     5.70246	  1.8142e+04	  3.8598e+03	  1.2146e+05	  2.3010e+05	  2.5284e+02	  4.4340e+02	  7.7685e-01	
           6000	          12000	            100	          10000	 1	     5.66396	  1.6439e+04	  3.6645e+03	  1.1200e+05	  2.1193e+05	  3.0129e+02	  4.0895e+02	  9.0067e-01	
          12000	          12000	            100	          10000	 1	     5.59757	  1.2620e+04	  3.1416e+03	  8.9780e+04	  1.6940e+05	  4.8001e+02	  3.2900e+02	  1.1348e+00	
          18000	          12000	            100	          10000	 1	     5.64395	  7.7680e+03	  2.2643e+03	  5.9344e+04	  1.1134e+05	  8.4782e+02	  2.2189e+02	  9.3226e-01	
          24000	          12000	            100	          10000	 1	     5.89028	  3.3631e+03	  1.1657e+03	  2.9129e+04	  5.3777e+04	  1.1783e+03	  1.1836e+02	  3.6221e-01	
          30000	          12000	            100	          10000	 1	     6.29885	  8.1329e+02	  3.2391e+02	  9.5641e+03	  1.6651e+04	  1.1816e+03	  5.3123e+01	  1.3519e-01	
          36000	          12000	            100	          10000	 1	     6.46246	  3.8362e+02	  1.5814e+02	  5.9445e+03	  9.7571e+03	  1.2969e+03	  4.1227e+01	  1.1273e-01	
          42000	          12000	            100	          10000	 1	     6.52501	  2.9778e+02	  1.2386e+02	  5.0855e+03	  8.1615e+03	  1.3092e+03	  3.8651e+01	  1.1130e-01	
          48000	          12000	            100	          10000	 1	     6.60728	  2.2087e+02	  9.2740e+01	  4.2177e+03	  6.5834e+03	  1.2925e+03	  3.6178e+01	  1.1411e-01	
          54000	          12000	            100	          10000	 1	     6.71148	  1.5296e+02	  6.4849e+01	  3.3747e+03	  5.0659e+03	  1.2725e+03	  3.3908e+01	  1.2396e-01	
          60000	          12000	            100	          10000	 1	     6.72962	  1.4308e+02	  6.0753e+01	  3.2479e+03	  4.8361e+03	  1.2741e+03	  3.3585e+01	  1.2635e-01	
          66000	          12000	            100	          10000	 1	     6.74658	  1.3521e+02	  5.7484e+01	  3.1387e+03	  4.6427e+03	  1.2691e+03	  3.3305e+01	  1.2894e-01	
          72000	          12000	            100	          10000	 1	     6.76808	  1.2605e+02	  5.3673e+01	  3.0078e+03	  4.4120e+03	  1.2615e+03	  3.2970e+01	  1.3255e-01	
          78000	          12000	            100	          10000	 1	      6.7929	  1.1637e+02	  4.9635e+01	  2.8659e+03	  4.1630e+03	  1.2524e+03	  3.2612e+01	  1.3721e-01	
          84000	          12000	            100	          10000	 1	     6.82001	  1.0689e+02	  4.5672e+01	  2.7215e+03	  3.9116e+03	  1.2408e+03	  3.2247e+01	  1.4294e-01	
          90000	          12000	            100	          10000	 1	     6.84192	  9.9262e+01	  4.2471e+01	  2.6088e+03	  3.7113e+03	  1.2386e+03	  3.1981e+01	  1.4794e-01	
              0	          18000	            100	          10000	 1	     5.70133	  1.8095e+04	  3.8546e+03	  1.2122e+05	  2.2962e+05	  2.5401e+02	  4.4247e+02	  7.8023e-01	
           6000	          18000	            100	          10000	 1	     5.66416	  1.6492e+04	  3.6704e+03	  1.1233e+05	  2.1255e+05	  3.0023e+02	  4.1006e+02	  8.9856e-01	
          12000	          18000	            100	          10000	 1	     5.59855	  1.3171e+04	  3.2236e+03	  9.3166e+04	  1.7583e+05	  4.5305e+02	  3.4083e+02	  1.1252e+00	
          18000	          18000	            100	          10000	 1	     5.60233	  9.0117e+03	  2.5144e+03	  6.7571e+04	  1.2694e+05	  7.6786e+02	  2.5007e+02	  1.0803e+00	
          24000	          18000	            100	          10000	 1	     5.76305	  4.8236e+03	  1.5690e+03	  3.9735e+04	  7.3867e+04	  1.1429e+03	  1.5387e+02	  5.6191e-01	
          30000	          18000	            100	          10000	 1	     6.20372	  9.8236e+02	  3.8542e+02	  1.1451e+04	  1.9990e+04	  1.3850e+03	  5.8567e+01	  1.4629e-01	
          36000	          18000	            100	          10000	 1	     6.42418	  4.4180e+02	  1.8108e+02	  6.5262e+03	  1.0829e+04	  1.3070e+03	  4.2992e+01	  1.1442e-01	
          42000	          18000	            100	          10000	 1	     6.52042	  2.9960e+02	  1.2458e+02	  5.1236e+03	  8.2213e+03	  1.3228e+03	  3.8744e+01	  1.1095e-01	
          48000	          18000	            100	          10000	 1	     6.58536	  2.3611e+02	  9.8925e+01	  4.4163e+03	  6.9322e+03	  1.3115e+03	  3.6738e+01	  1.1267e-01	
          54000	          18000	            100	          10000	 1	     6.69052	  1.6202e+02	  6.8579e+01	  3.5149e+03	  5.3041e+03	  1.2950e+03	  3.4303e+01	  1.2109e-01	
          60000	          18000	            100	          10000	 1	     6.71166	  1.5122e+02	  6.4119e+01	  3.3660e+03	  5.0416e+03	  1.2855e+03	  3.3904e+01	  1.2377e-01	
          66000	          18000	            100	          10000	 1	     6.73692	  1.4002e+02	  5.9486e+01	  3.2021e+03	  4.7571e+03	  1.2685e+03	  3.3462e+01	  1.2750e-01	
          72000	          18000	            100	          10000	 1	     6.76461	  1.2782e+02	  5.4411e+01	  3.0302e+03	  4.4535e+03	  1.2595e+03	  3.3023e+01	  1.3200e-01	
          78000	          18000	            100	          10000	 1	     6.79881	  1.1471e+02	  4.8944e+01	  2.8356e+03	  4.1135e+03	  1.2448e+03	  3.2524e+01	  1.3848e-01	
          84000	          18000	            100	          10000	 1	     6.81506	  1.0881e+02	  4.6476e+01	  2.7479e+03	  3.9594e+03	  1.2401e+03	  3.2306e+01	  1.4187e-01	
          90000	          18000	            100	          10000	 1	     6.82926	  1.0297e+02	  4.4027e+01	  2.6701e+03	  3.8157e+03	  1.2470e+03	  3.2141e+01	  1.4487e-01	
              0	          24000	            100	          10000	 1	     5.69315	  1.7751e+04	  3.8167e+03	  1.1932e+05	  2.2598e+05	  2.6292e+02	  4.3557e+02	  8.0534e-01	
           6000	          24000	            100	          10000	 1	     5.63314	  1.5163e+04	  3.5032e+03	  1.0476e+05	  1.9804e+05	  3.5214e+02	  3.8271e+02	  1.0014e+00	
          12000	          24000	            100	          10000	 1	     5.58738	  1.0222e+04	  2.7410e+03	  7.5187e+04	  1.4148e+05	  6.6400e+02	  2.7694e+02	  1.1513e+00	
          18000	          24000	            100	          10000	 1	     5.73761	  5.2141e+03	  1.6696e+03	  4.2453e+04	  7.9039e+04	  1.1181e+03	  1.6304e+02	  6.1895e-01	
          24000	          24000	            100	          10000	 1	     6.02491	  1.9607e+03	  7.2624e+02	  1.9089e+04	  3.4514e+04	  1.3361e+03	  8.3910e+01	  2.2589e-01	
          30000	          24000	            100	          10000	 1	      6.3563	  5.9499e+02	  2.4070e+02	  7.8748e+03	  1.3378e+04	  1.2732e+03	  4.7297e+01	  1.2194e-01	
          36000	          24000	            100	          10000	 1	     6.45477	  3.8745e+02	  1.5961e+02	  6.0213e+03	  9.8795e+03	  1.3203e+03	  4.1436e+01	  1.1240e-01	
          42000	          24000	            100	          10000	 1	     6.48615	  3.3533e+02	  1.3884e+02	  5.5342e+03	  8.9584e+03	  1.3467e+03	  3.9942e+01	  1.1072e-01	
          48000	          24000	            100	          10000	 1	     6.54466	  2.6995e+02	  1.1261e+02	  4.8280e+03	  7.6667e+03	  1.3366e+03	  3.7911e+01	  1.1094e-01	
          54000	          24000	            100	          10000	 1	     6.67657	  1.7116e+02	  7.2356e+01	  3.6253e+03	  5.5068e+03	  1.2903e+03	  3.4590e+01	  1.1969e-01	
          60000	          24000	            100	          10000	 1	     6.71736	  1.5037e+02	  6.3779e+01	  3.3361e+03	  4.9996e+03	  1.2675e+03	  3.3803e+01	  1.2481e-01	
          66000	          24000	            100	          10000	 1	      6.7327	  1.4269e+02	  6.0598e+01	  3.2324e+03	  4.8149e+03	  1.2640e+03	  3.3531e+01	  1.2696e-01	
          72000	          24000	            100	          10000	 1	     6.75632	  1.3093e+02	  5.5706e+01	  3.0784e+03	  4.5360e+03	  1.2659e+03	  3.3151e+01	  1.3052e-01	
          78000	          24000	            100	          10000	 1	     6.79335	  1.1607e+02	  4.9510e+01	  2.8622e+03	  4.1558e+03	  1.2535e+03	  3.2602e+01	  1.3726e-01	
          84000	          24000	            100	          10000	 1	     6.81319	  1.0873e+02	  4.6439e+01	  2.7535e+03	  3.9642e+03	  1.2486e+03	  3.2332e+01	  1.4132e-01	
          90000	          24000	            100	          10000	 1	      6.8232	  1.0523e+02	  4.4973e+01	  2.7008e+03	  3.8715e+03	  1.2460e+03	  3.2201e+01	  1.4350e-01	
              0	          30000	            100	          10000	 1	     5.69853	  1.7976e+04	  3.8416e+03	  1.2056e+05	  2.2836e+05	  2.5701e+02	  4.4009e+02	  7.8881e-01	
           6000	          30000	            100	          10000	 1	      5.6482	  1.5813e+04	  3.5868e+03	  1.0847e+05	  2.0516e+05	  3.2498e+02	  3.9613e+02	  9.5108e-01	
          12000	          30000	            100	          10000	 1	     5.58547	  1.1213e+04	  2.9137e+03	  8.1311e+04	  1.5318e+05	  5.8339e+02	  2.9865e+02	  1.1687e+00	
          18000	          30000	            100	          10000	 1	     5.69829	  6.0605e+03	  1.8787e+03	  4.8157e+04	  8.9940e+04	  1.0288e+03	  1.8280e+02	  7.3215e-01	
          24000	          30000	            100	          10000	 1	     5.99017	  2.2662e+03	  8.2654e+02	  2.1315e+04	  3.8786e+04	  1.2977e+03	  9.1541e+01	  2.5323e-01	
          30000	          30000	            100	          10000	 1	     6.39132	  5.2275e+02	  2.1281e+02	  7.2055e+03	  1.2134e+04	  1.2635e+03	  4.5215e+01	  1.1852e-01	
          36000	          30000	            100	          10000	 1	     6.46865	  3.6838e+02	  1.5206e+02	  5.8236e+03	  9.5174e+03	  1.3159e+03	  4.0839e+01	  1.1199e-01	
          42000	          30000	            100	          10000	 1	      6.4814	  3.4257e+02	  1.4174e+02	  5.6036e+03	  9.0892e+03	  1.3432e+03	  4.0150e+01	  1.1091e-01	
          48000	          30000	            100	          10000	 1	     6.55703	  2.5927e+02	  1.0830e+02	  4.6987e+03	  7.4361e+03	  1.3283e+03	  3.7540e+01	  1.1138e-01	
          54000	          30000	            100	          10000	 1	     6.67946	  1.7163e+02	  7.2562e+01	  3.6130e+03	  5.4955e+03	  1.2744e+03	  3.4539e+01	  1.2027e-01	
          60000	          30000	            100	          10000	 1	     6.70431	  1.5746e+02	  6.6712e+01	  3.4290e+03	  5.1662e+03	  1.2690e+03	  3.4048e+01	  1.2315e-01	
          66000	          30000	            100	          10000	 1	     6.71766	  1.4845e+02	  6.2971e+01	  3.3271e+03	  4.9735e+03	  1.2818e+03	  3.3807e+01	  1.2463e-01	
          72000	          30000	            100	          10000	 1	     6.73668	  1.3798e+02	  5.8622e+01	  3.1940e+03	  4.7301e+03	  1.2874e+03	  3.3475e+01	  1.2715e-01	
          78000	          30000	            100	          10000	 1	      6.7962	  1.1432e+02	  4.8774e+01	  2.8436e+03	  4.1183e+03	  1.2598e+03	  3.2572e+01	  1.3772e-01	
          84000	          30000	            100	          10000	 1	     6.81251	  1.0867e+02	  4.6413e+01	  2.7560e+03	  3.9664e+03	  1.2521e+03	  3.2346e+01	  1.4112e-01	
          90000	          30000	            100	          10000	 1	     6.82035	  1.0600e+02	  4.5296e+01	  2.7149e+03	  3.8947e+03	  1.2492e+03	  3.2242e+01	  1.4283e-01	
              0	          36000	            100	          10000	 1	     5.70424	  1.8224e+04	  3.8686e+03	  1.2192e+05	  2.3096e+05	  2.5092e+02	  4.4504e+02	  7.7124e-01	
           6000	          36000	            100	          10000	 1	     5.67146	  1.6787e+04	  3.7058e+03	  1.1398e+05	  2.1571e+05	  2.9027e+02	  4.1606e+02	  8.7536e-01	
          12000	          36000	            100	          10000	 1	     5.60287	  1.3400e+04	  3.2577e+03	  9.4527e+04	  1.7843e+05	  4.3832e+02	  3.4569e+02	  1.1110e+00	
          18000	          36000	            100	          10000	 1	     5.60316	  8.9630e+03	  2.5048e+03	  6.7270e+04	  1.2636e+05	  7.7218e+02	  2.4893e+02	  1.0765e+00	
          24000	          36000	            100	          10000	 1	     5.77781	  4.5499e+03	  1.4963e+03	  3.7863e+04	  7.0284e+04	  1.1759e+03	  1.4730e+02	  5.2709e-01	
          30000	          36000	            100	          10000	 1	     6.40846	  4.8539e+02	  1.9824e+02	  6.8755e+03	  1.1511e+04	  1.2708e+03	  4.4169e+01	  1.1678e-01	
          36000	          36000	            100	          10000	 1	     6.47593	  3.6264e+02	  1.4981e+02	  5.7413e+03	  9.3778e+03	  1.3011e+03	  4.0601e+01	  1.1214e-01	
          42000	          36000	            100	          10000	 1	     6.49567	  3.2924e+02	  1.3645e+02	  5.4360e+03	  8.7954e+03	  1.3243e+03	  3.9656e+01	  1.1108e-01	
          48000	          36000	            100	          10000	 1	     6.57798	  2.4392e+02	  1.0211e+02	  4.4965e+03	  7.0832e+03	  1.3059e+03	  3.6956e+01	  1.1248e-01	
          54000	          36000	            100	          10000	 1	      6.6971	  1.6186e+02	  6.8534e+01	  3.4841e+03	  5.2667e+03	  1.2676e+03	  3.4197e+01	  1.2235e-01	
          60000	          36000	            100	          10000	 1	     6.72769	  1.4534e+02	  6.1695e+01	  3.2691e+03	  4.8804e+03	  1.2639e+03	  3.3638e+01	  1.2631e-01	
          66000	          36000	            100	          10000	 1	     6.75406	  1.3243e+02	  5.6331e+01	  3.0961e+03	  4.5701e+03	  1.2622e+03	  3.3197e+01	  1.3026e-01	
          72000	          36000	            100	          10000	 1	     6.77371	  1.2352e+02	  5.2618e+01	  2.9741e+03	  4.3510e+03	  1.2619e+03	  3.2892e+01	  1.3353e-01	
          78000	          36000	            100	          10000	 1	     6.78785	  1.1731e+02	  5.0021e+01	  2.8893e+03	  4.1976e+03	  1.2640e+03	  3.2688e+01	  1.3605e-01	
          84000	          36000	            100	          10000	 1	     6.79626	  1.1409e+02	  4.8679e+01	  2.8419e+03	  4.1140e+03	  1.2619e+03	  3.2569e+01	  1.3768e-01	
          90000	          36000	            100	          10000	 1	     6.80094	  1.1236e+02	  4.7953e+01	  2.8160e+03	  4.0685e+03	  1.2606e+03	  3.2505e+01	  1.3862e-01	
              0	          42000	            100	          10000	 1	     5.70792	  1.8391e+04	  3.8866e+03	  1.2283e+05	  2.3272e+05	  2.4705e+02	  4.4839e+02	  7.5976e-01	
           6000	          42000	            100	          10000	 1	     5.68823	  1.7490e+04	  3.7873e+03	  1.1790e+05	  2.2324e+05	  2.6919e+02	  4.3032e+02	  8.2227e-01	
          12000	          42000	            100	          10000	 1	     5.63644	  1.5185e+04	  3.5055e+03	  1.0494e+05	  1.9837e+05	  3.4854e+02	  3.8316e+02	  9.9356e-01	
          18000	          42000	            100	          10000	 1	     5.58597	  1.1749e+04	  3.0015e+03	  8.4681e+04	  1.5958e+05	  5.4509e+02	  3.1027e+02	  1.1688e+00	
          24000	          42000	            100	          10000	 1	     5.63462	  7.5882e+03	  2.2231e+03	  5.8429e+04	  1.0948e+05	  9.0270e+02	  2.1788e+02	  9.4208e-01	
          30000	          42000	            100	          10000	 1	     6.37605	  5.4011e+02	  2.1945e+02	  7.4229e+03	  1.2512e+04	  1.2943e+03	  4.5832e+01	  1.1893e-01	
          36000	          42000	            100	          10000	 1	     6.45223	  3.9687e+02	  1.6338e+02	  6.0829e+03	  1.0009e+04	  1.3037e+03	  4.1619e+01	  1.1292e-01	
          42000	          42000	            100	          10000	 1	       6.483	  3.4608e+02	  1.4318e+02	  5.6046e+03	  9.1083e+03	  1.3233e+03	  4.0140e+01	  1.1131e-01	
          48000	          42000	            100	          10000	 1	     6.57429	  2.4829e+02	  1.0389e+02	  4.5367e+03	  7.1609e+03	  1.3012e+03	  3.7056e+01	  1.1240e-01	
          54000	          42000	            100	          10000	 1	     6.69553	  1.6338e+02	  6.9165e+01	  3.4963e+03	  5.2922e+03	  1.2630e+03	  3.4212e+01	  1.2220e-01	
          60000	          42000	            100	          10000	 1	      6.7278	  1.4565e+02	  6.1828e+01	  3.2676e+03	  4.8806e+03	  1.2606e+03	  3.3616e+01	  1.2633e-01	
          66000	          42000	            100	          10000	 1	     6.75208	  1.3371e+02	  5.6868e+01	  3.1078e+03	  4.5939e+03	  1.2588e+03	  3.3207e+01	  1.2994e-01	
          72000	          42000	            100	          10000	 1	     6.77129	  1.2504e+02	  5.3255e+01	  2.9884e+03	  4.3804e+03	  1.2572e+03	  3.2906e+01	  1.3313e-01	
          78000	          42000	            100	          10000	 1	      6.7877	  1.1813e+02	  5.0373e+01	  2.8913e+03	  4.2070e+03	  1.2558e+03	  3.2664e+01	  1.3609e-01	
          84000	          42000	            100	          10000	 1	     6.79762	  1.1429e+02	  4.8769e+01	  2.8354e+03	  4.1081e+03	  1.2536e+03	  3.2525e+01	  1.3802e-01	
          90000	          42000	            100	          10000	 1	     6.80302	  1.1228e+02	  4.7928e+01	  2.8057e+03	  4.0558e+03	  1.2523e+03	  3.2451e+01	  1.3911e-01	
              0	          48000	            100	          10000	 1	     5.70921	  1.8452e+04	  3.8931e+03	  1.2316e+05	  2.3336e+05	  2.4570e+02	  4.4960e+02	  7.5569e-01	
           6000	          48000	            100	          10000	 1	     5.69438	  1.7752e+04	  3.8167e+03	  1.1935e+05	  2.2602e+05	  2.6209e+02	  4.3560e+02	  8.0307e-01	
          12000	          48000	            100	          10000	 1	     5.65297	  1.5904e+04	  3.5976e+03	  1.0904e+05	  2.0623e+05	  3.1923e+02	  3.9800e+02	  9.3849e-01	
          18000	          48000	            100	          10000	 1	      5.5985	  1.3011e+04	  3.1989e+03	  9.2295e+04	  1.7413e+05	  4.5982e+02	  3.3739e+02	  1.1276e+00	
          24000	          48000	            100	          10000	 1	     5.59644	  9.2063e+03	  2.5507e+03	  6.8931e+04	  1.2948e+05	  7.5577e+02	  2.5432e+02	  1.1019e+00	
          30000	          48000	            100	          10000	 1	     6.06468	  1.5967e+03	  6.0262e+02	  1.6509e+04	  2.9509e+04	  1.4255e+03	  7.4873e+01	  1.9618e-01	
          36000	          48000	            100	          10000	 1	      6.3399	  5.7753e+02	  2.3361e+02	  7.9364e+03	  1.3388e+04	  1.3833e+03	  4.7264e+01	  1.2001e-01	
          42000	          48000	            100	          10000	 1	     6.41776	  4.2414e+02	  1.7395e+02	  6.4900e+03	  1.0694e+04	  1.3857e+03	  4.2772e+01	  1.1258e-01	
          48000	          48000	            100	          10000	 1	      6.5105	  3.0174e+02	  1.2537e+02	  5.2047e+03	  8.3401e+03	  1.3607e+03	  3.8988e+01	  1.1016e-01	
          54000	          48000	            100	          10000	 1	     6.62746	  1.9953e+02	  8.3981e+01	  4.0112e+03	  6.1834e+03	  1.3245e+03	  3.5658e+01	  1.1486e-01	
          60000	          48000	            100	          10000	 1	     6.66271	  1.7542e+02	  7.4081e+01	  3.7149e+03	  5.6470e+03	  1.3226e+03	  3.4867e+01	  1.1778e-01	
          66000	          48000	            100	          10000	 1	     6.68493	  1.6178e+02	  6.8458e+01	  3.5416e+03	  5.3340e+03	  1.3220e+03	  3.4413e+01	  1.2003e-01	
          72000	          48000	            100	          10000	 1	     6.70366	  1.5135e+02	  6.4147e+01	  3.4042e+03	  5.0874e+03	  1.3202e+03	  3.4057e+01	  1.2221e-01	
          78000	          48000	            100	          10000	 1	     6.72161	  1.4223e+02	  6.0371e+01	  3.2799e+03	  4.8658e+03	  1.3167e+03	  3.3738e+01	  1.2456e-01	
          84000	          48000	            100	          10000	 1	     6.73481	  1.3621e+02	  5.7872e+01	  3.1940e+03	  4.7145e+03	  1.3117e+03	  3.3516e+01	  1.2649e-01	
          90000	          48000	            100	          10000	 1	     6.74327	  1.3259e+02	  5.6369e+01	  3.1409e+03	  4.6216e+03	  1.3075e+03	  3.3379e+01	  1.2781e-01	
              0	              0	            200	          10000	 1	     5.70623	  1.8310e+04	  3.8779e+03	  1.2239e+05	  2.3186e+05	  2.4886e+02	  4.4676e+02	  7.6516e-01	
           6000	              0	            200	          10000	 1	      5.6782	  1.7035e+04	  3.7352e+03	  1.1535e+05	  2.1836e+05	  2.8195e+02	  4.2109e+02	  8.5499e-01	
          12000	              0	            200	          10000	 1	     5.61197	  1.3741e+04	  3.3079e+03	  9.6487e+04	  1.8221e+05	  4.1517e+02	  3.5285e+02	  1.0831e+00	
          18000	              0	            200	          10000	 1	     5.60696	  9.1118e+03	  2.5348e+03	  6.8140e+04	  1.2806e+05	  7.4479e+02	  2.5213e+02	  1.0730e+00	
          24000	              0	            200	          10000	 1	     5.78139	  4.5789e+03	  1.5048e+03	  3.7962e+04	  7.0517e+04	  1.1532e+03	  1.4779e+02	  5.2542e-01	
          30000	              0	            200	          10000	 1	     6.16554	  1.1853e+03	  4.5925e+02	  1.2982e+04	  2.2943e+04	  1.3331e+03	  6.3770e+01	  1.6069e-01	
          36000	              0	            200	          10000	 1	     6.22137	  8.9306e+02	  3.5240e+02	  1.0776e+04	  1.8681e+04	  1.4190e+03	  5.6225e+01	  1.4007e-01	
          42000	              0	            200	          10000	 1	     6.18948	  9.7102e+02	  3.8080e+02	  1.1549e+04	  2.0085e+04	  1.4700e+03	  5.8545e+01	  1.4600e-01	
          48000	              0	            200	          10000	 1	     6.45249	  3.7267e+02	  1.5364e+02	  5.9665e+03	  9.7307e+03	  1.3778e+03	  4.1248e+01	  1.1100e-01	
          54000	              0	            200	          10000	 1	     6.62297	  2.0119e+02	  8.4653e+01	  4.0419e+03	  6.2325e+03	  1.3348e+03	  3.5746e+01	  1.1434e-01	
          60000	              0	            200	          10000	 1	     6.66561	  1.7280e+02	  7.3001e+01	  3.6861e+03	  5.5919e+03	  1.3278e+03	  3.4786e+01	  1.1793e-01	
          66000	              0	            200	          10000	 1	     6.68466	  1.6188e+02	  6.8503e+01	  3.5420e+03	  5.3351e+03	  1.3223e+03	  3.4407e+01	  1.1997e-01	
          72000	              0	            200	          10000	 1	      6.7023	  1.5242e+02	  6.4594e+01	  3.4152e+03	  5.1092e+03	  1.3174e+03	  3.4079e+01	  1.2208e-01	
          78000	              0	            200	          10000	 1	     6.72033	  1.4331e+02	  6.0821e+01	  3.2915e+03	  4.8887e+03	  1.3132e+03	  3.3765e+01	  1.2446e-01	
          84000	              0	            200	          10000	 1	     6.73871	  1.3468e+02	  5.7240e+01	  3.1714e+03	  4.6757e+03	  1.3085e+03	  3.3464e+01	  1.2714e-01	
          90000	              0	            200	          10000	 1	     6.75789	  1.2627e+02	  5.3739e+01	  3.0517e+03	  4.4635e+03	  1.3037e+03	  3.3164e+01	  1.3019e-01	
              0	           6000	            200	          10000	 1	     5.70486	  1.8248e+04	  3.8713e+03	  1.2205e+05	  2.3122e+05	  2.5030e+02	  4.4553e+02	  7.6941e-01	
           6000	           6000	            200	          10000	 1	     5.67226	  1.6788e+04	  3.7062e+03	  1.1396e+05	  2.1569e+05	  2.8971e+02	  4.1607e+02	  8.7388e-01	
          12000	           6000	            200	          10000	 1	     5.60412	  1.3181e+04	  3.2263e+03	  9.3144e+04	  1.7582e+05	  4.4607e+02	  3.4096e+02	  1.1116e+00	
          18000	           6000	            200	          10000	 1	     5.62871	  8.2801e+03	  2.3705e+03	  6.2709e+04	  1.1774e+05	  8.0664e+02	  2.3346e+02	  9.8959e-01	
          24000	           6000	            200	          10000	 1	     5.86483	  3.6312e+03	  1.2435e+03	  3.1086e+04	  5.7492e+04	  1.1710e+03	  1.2486e+02	  3.9457e-01	
          30000	           6000	            200	          10000	 1	     6.33563	  7.1709e+02	  2.8776e+02	  8.7017e+03	  1.5047e+04	  1.1625e+03	  5.0284e+01	  1.2975e-01	
          36000	           6000	            200	          10000	 1	     6.45158	  4.1598e+02	  1.7104e+02	  6.1852e+03	  1.0241e+04	  1.2537e+03	  4.2019e+01	  1.1447e-01	
          42000	           6000	            200	          10000	 1	     6.49155	  3.4632e+02	  1.4334e+02	  5.5488e+03	  9.0362e+03	  1.2841e+03	  4.0045e+01	  1.1219e-01	
          48000	           6000	            200	          10000	 1	     6.59322	  2.3522e+02	  9.8602e+01	  4.3631e+03	  6.8585e+03	  1.2805e+03	  3.6573e+01	  1.1360e-01	
          54000	           6000	            200	          10000	 1	     6.71321	  1.5334e+02	  6.5016e+01	  3.3662e+03	  5.0584e+03	  1.2618e+03	  3.3862e+01	  1.2432e-01	
          60000	           6000	            200	          10000	 1	     6.73507	  1.4159e+02	  6.0141e+01	  3.2145e+03	  4.7840e+03	  1.2628e+03	  3.3470e+01	  1.2726e-01	
          66000	           6000	            200	          10000	 1	     6.75164	  1.3392e+02	  5.6956e+01	  3.1088e+03	  4.5964e+03	  1.2585e+03	  3.3199e+01	  1.2984e-01	
          72000	           6000	            200	          10000	 1	     6.77133	  1.2552e+02	  5.3457e+01	  2.9897e+03	  4.3860e+03	  1.2524e+03	  3.2896e+01	  1.3320e-01	
          78000	           6000	            200	          10000	 1	     6.79335	  1.1683e+02	  4.9834e+01	  2.8638e+03	  4.1643e+03	  1.2454e+03	  3.2579e+01	  1.3734e-01	
          84000	           6000	            200	          10000	 1	     6.81501	  1.0893e+02	  4.6531e+01	  2.7466e+03	  3.9585e+03	  1.2386e+03	  3.2288e+01	  1.4183e-01	
          90000	           6000	            200	          10000	 1	     6.83348	  1.0241e+02	  4.3796e+01	  2.6501e+03	  3.7876e+03	  1.2358e+03	  3.2055e+01	  1.4594e-01	
              0	          12000	            200	          10000	 1	     5.70246	  1.8142e+04	  3.8597e+03	  1.2146e+05	  2.3010e+05	  2.5284e+02	  4.4340e+02	  7.7685e-01	
           6000	          12000	            200	          10000	 1	     5.66394	  1.6438e+04	  3.6644e+03	  1.1199e+05	  2.1192e+05	  3.0131e+02	  4.0894e+02	  9.0072e-01	
          12000	          12000	            200	          10000	 1	     5.59756	  1.2618e+04	  3.1413e+03	  8.9770e+04	  1.6938e+05	  4.8011e+02	  3.2896e+02	  1.1348e+00	
          18000	          12000	            200	          10000	 1	      5.6442	  7.7635e+03	  2.2634e+03	  5.9313e+04	  1.1128e+05	  8.4794e+02	  2.2178e+02	  9.3153e-01	
          24000	          12000	            200	          10000	 1	     5.89329	  3.3407e+03	  1.1592e+03	  2.8955e+04	  5.3452e+04	  1.1758e+03	  1.1779e+02	  3.5917e-01	
          30000	          12000	            200	          10000	 1	     6.33548	  7.3116e+02	  2.9317e+02	  8.7816e+03	  1.5217e+04	  1.1439e+03	  5.0630e+01	  1.3077e-01	
          36000	          12000	            200	          10000	 1	     6.48175	  3.6262e+02	  1.4985e+02	  5.6976e+03	  9.3190e+03	  1.2751e+03	  4.0484e+01	  1.1265e-01	
          42000	          12000	            200	          10000	 1	     6.53478	  2.8956e+02	  1.2057e+02	  4.9802e+03	  7.9772e+03	  1.2978e+03	  3.8339e+01	  1.1160e-01	
          48000	          12000	            200	          10000	 1	     6.61775	  2.1434e+02	  9.0087e+01	  4.1273e+03	  6.4269e+03	  1.2815e+03	  3.5915e+01	  1.1493e-01	
          54000	          12000	            200	          10000	 1	     6.71943	  1.4963e+02	  6.3477e+01	  3.3226e+03	  4.9775e+03	  1.2644e+03	  3.3759e+01	  1.2512e-01	
          60000	          12000	            200	          10000	 1	     6.73863	  1.3958e+02	  5.9304e+01	  3.1917e+03	  4.7411e+03	  1.2649e+03	  3.3425e+01	  1.2779e-01	
          66000	          12000	            200	          10000	 1	     6.75601	  1.3176e+02	  5.6056e+01	  3.0824e+03	  4.5478e+03	  1.2596e+03	  3.3144e+01	  1.3056e-01	
          72000	          12000	            200	          10000	 1	     6.77755	  1.2284e+02	  5.2341e+01	  2.9542e+03	  4.3221e+03	  1.2521e+03	  3.2817e+01	  1.3434e-01	
          78000	          12000	            200	          10000	 1	     6.80244	  1.1341e+02	  4.8403e+01	  2.8152e+03	  4.0782e+03	  1.2431e+03	  3.2467e+01	  1.3921e-01	
          84000	          12000	            200	          10000	 1	     6.82905	  1.0433e+02	  4.4603e+01	  2.6765e+03	  3.8366e+03	  1.2322e+03	  3.2118e+01	  1.4505e-01	
          90000	          12000	            200	          10000	 1	     6.85247	  9.6512e+01	  4.1320e+01	  2.5591e+03	  3.6290e+03	  1.2287e+03	  3.1839e+01	  1.5064e-01	
              0	          18000	            200	          10000	 1	     5.70132	  1.8095e+04	  3.8546e+03	  1.2122e+05	  2.2961e+05	  2.5402e+02	  4.4247e+02	  7.8025e-01	
           6000	          18000	            200	          10000	 1	     5.66414	  1.6491e+04	  3.6703e+03	  1.1232e+05	  2.1254e+05	  3.0026e+02	  4.1004e+02	  8.9862e-01	
          12000	          18000	            200	          10000	 1	     5.59853	  1.3169e+04	  3.2234e+03	  9.3158e+04	  1.7581e+05	  4.5313e+02	  3.4080e+02	  1.1252e+00	
          18000	          18000	            200	          10000	 1	     5.60227	  9.0132e+03	  2.5147e+03	  6.7581e+04	  1.2696e+05	  7.6779e+02	  2.5010e+02	  1.0805e+00	
          24000	          18000	            200	          10000	 1	     5.76081	  4.8562e+03	  1.5775e+03	  3.9964e+04	  7.4301e+04	  1.1411e+03	  1.5464e+02	  5.6665e-01	
          30000	          18000	            200	          10000	 1	     6.20911	  9.6621e+02	  3.7953e+02	  1.1304e+04	  1.9717e+04	  1.3799e+03	  5.8098e+01	  1.4510e-01	
          36000	          18000	            200	          10000	 1	     6.44497	  4.1600e+02	  1.7098e+02	  6.2320e+03	  1.0304e+04	  1.2824e+03	  4.2099e+01	  1.1389e-01	
          42000	          18000	            200	          10000	 1	     6.53417	  2.8800e+02	  1.1994e+02	  4.9751e+03	  7.9613e+03	  1.3067e+03	  3.8305e+01	  1.1136e-01	
          48000	          18000	            200	          10000	 1	     6.60148	  2.2544e+02	  9.4603e+01	  4.2707e+03	  6.6795e+03	  1.2940e+03	  3.6315e+01	  1.1375e-01	
          54000	          18000	            200	          10000	 1	     6.70528	  1.5548e+02	  6.5887e+01	  3.4142e+03	  5.1325e+03	  1.2798e+03	  3.4016e+01	  1.2305e-01	
          60000	          18000	            200	          10000	 1	     6.72339	  1.4639e+02	  6.2126e+01	  3.2899e+03	  4.9124e+03	  1.2735e+03	  3.3687e+01	  1.2549e-01	
          66000	          18000	            200	          10000	 1	     6.74513	  1.3691e+02	  5.8195e+01	  3.1517e+03	  4.6721e+03	  1.2602e+03	  3.3318e+01	  1.2884e-01	
          72000	          18000	            200	          10000	 1	     6.77339	  1.2480e+02	  5.3158e+01	  2.9801e+03	  4.3692e+03	  1.2508e+03	  3.2880e+01	  1.3363e-01	
          78000	          18000	            200	          10000	 1	     6.80567	  1.1260e+02	  4.8068e+01	  2.7995e+03	  4.0531e+03	  1.2381e+03	  3.2420e+01	  1.3994e-01	
          84000	          18000	            200	          10000	 1	     6.82239	  1.0669e+02	  4.5593e+01	  2.7109e+03	  3.8977e+03	  1.2330e+03	  3.2199e+01	  1.4355e-01	
          90000	          18000	            200	          10000	 1	     6.84182	  9.9576e+01	  4.2606e+01	  2.6092e+03	  3.7147e+03	  1.2351e+03	  3.1967e+01	  1.4794e-01	
              0	          24000	            200	          10000	 1	     5.69314	  1.7751e+04	  3.8167e+03	  1.1932e+05	  2.2597e+05	  2.6293e+02	  4.3556e+02	  8.0536e-01	
           6000	          24000	            200	          10000	 1	     5.63311	  1.5162e+04	  3.5030e+03	  1.0475e+05	  1.9803e+05	  3.5220e+02	  3.8268e+02	  1.0015e+00	
          12000	          24000	            200	          10000	 1	      5.5874	  1.0220e+04	  2.7406e+03	  7.5171e+04	  1.4145e+05	  6.6418e+02	  2.7689e+02	  1.1512e+00	
          18000	          24000	            200	          10000	 1	     5.73789	  5.2105e+03	  1.6686e+03	  4.2427e+04	  7.8990e+04	  1.1182e+03	  1.6296e+02	  6.1835e-01	
          24000	          24000	            200	          10000	 1	     6.02672	  1.9519e+03	  7.2334e+02	  1.9014e+04	  3.4375e+04	  1.3339e+03	  8.3669e+01	  2.2497e-01	
          30000	          24000	            200	          10000	 1	     6.37622	  5.6181e+02	  2.2799e+02	  7.5269e+03	  1.2751e+04	  1.2496e+03	  4.6218e+01	  1.2050e-01	
          36000	          24000	            200	          10000	 1	     6.48081	  3.5905e+02	  1.4840e+02	  5.6864e+03	  9.2855e+03	  1.2906e+03	  4.0432e+01	  1.1225e-01	
          42000	          24000	            200	          10000	 1	     6.51512	  3.0822e+02	  1.2805e+02	  5.1982e+03	  8.3669e+03	  1.3132e+03	  3.8949e+01	  1.1114e-01	
          48000	          24000	            200	          10000	 1	      6.5768	  2.4586e+02	  1.0290e+02	  4.5117e+03	  7.1142e+03	  1.3017e+03	  3.6992e+01	  1.1250e-01	
          54000	          24000	            200	          10000	 1	      6.6902	  1.6475e+02	  6.9723e+01	  3.5285e+03	  5.3414e+03	  1.2762e+03	  3.4314e+01	  1.2137e-01	
          60000	          24000	            200	          10000	 1	     6.72369	  1.4777e+02	  6.2705e+01	  3.2952e+03	  4.9301e+03	  1.2610e+03	  3.3685e+01	  1.2575e-01	
          66000	          24000	            200	          10000	 1	     6.73915	  1.4020e+02	  5.9566e+01	  3.1923e+03	  4.7471e+03	  1.2574e+03	  3.3416e+01	  1.2799e-01	
          72000	          24000	            200	          10000	 1	     6.76644	  1.2737e+02	  5.4228e+01	  3.0195e+03	  4.4370e+03	  1.2558e+03	  3.2983e+01	  1.3234e-01	
          78000	          24000	            200	          10000	 1	      6.8017	  1.1349e+02	  4.8434e+01	  2.8178e+03	  4.0815e+03	  1.2453e+03	  3.2475e+01	  1.3901e-01	
          84000	          24000	            200	          10000	 1	     6.82183	  1.0624e+02	  4.5400e+01	  2.7098e+03	  3.8914e+03	  1.2402e+03	  3.2206e+01	  1.4328e-01	
          90000	          24000	            200	          10000	 1	     6.83196	  1.0280e+02	  4.3957e+01	  2.6575e+03	  3.7997e+03	  1.2376e+03	  3.2077e+01	  1.4557e-01	
              0	          30000	            200	          10000	 1	     5.69853	  1.7976e+04	  3.8416e+03	  1.2056e+05	  2.2836e+05	  2.5701e+02	  4.4009e+02	  7.8882e-01	
           6000	          30000	            200	          10000	 1	     5.64819	  1.5812e+04	  3.5867e+03	  1.0847e+05	  2.0515e+05	  3.2500e+02	  3.9611e+02	  9.5113e-01	
          12000	          30000	            200	          10000	 1	     5.58548	  1.1211e+04	  2.9134e+03	  8.1300e+04	  1.5316e+05	  5.8352e+02	  2.9861e+02	  1.1686e+00	
          18000	          30000	            200	          10000	 1	      5.6985	  6.0572e+03	  1.8779e+03	  4.8134e+04	  8.9897e+04	  1.0289e+03	  1.8273e+02	  7.3161e-01	
          24000	          30000	            200	          10000	 1	     5.99163	  2.2578e+03	  8.2386e+02	  2.1247e+04	  3.8659e+04	  1.2963e+03	  9.1319e+01	  2.5232e-01	
          30000	          30000	            200	          10000	 1	     6.40678	  4.9995e+02	  2.0400e+02	  6.9592e+03	  1.1692e+04	  1.2454e+03	  4.4455e+01	  1.1775e-01	
          36000	          30000	            200	          10000	 1	     6.48967	  3.4654e+02	  1.4341e+02	  5.5621e+03	  9.0547e+03	  1.2917e+03	  4.0057e+01	  1.1201e-01	
          42000	          30000	            200	          10000	 1	      6.5103	  3.1491e+02	  1.3074e+02	  5.2634e+03	  8.4895e+03	  1.3098e+03	  3.9142e+01	  1.1125e-01	
          48000	          30000	            200	          10000	 1	     6.58294	  2.4055e+02	  1.0074e+02	  4.4499e+03	  7.0025e+03	  1.3001e+03	  3.6817e+01	  1.1277e-01	
          54000	          30000	            200	          10000	 1	     6.68812	  1.6752e+02	  7.0875e+01	  3.5512e+03	  5.3899e+03	  1.2654e+03	  3.4362e+01	  1.2134e-01	
          60000	          30000	            200	          10000	 1	     6.71151	  1.5435e+02	  6.5432e+01	  3.3808e+03	  5.0843e+03	  1.2616e+03	  3.3910e+01	  1.2416e-01	
          66000	          30000	            200	          10000	 1	     6.73216	  1.4261e+02	  6.0560e+01	  3.2346e+03	  4.8168e+03	  1.2671e+03	  3.3543e+01	  1.2683e-01	
          72000	          30000	            200	          10000	 1	     6.75386	  1.3161e+02	  5.5987e+01	  3.0903e+03	  4.5552e+03	  1.2701e+03	  3.3181e+01	  1.3002e-01	
          78000	          30000	            200	          10000	 1	     6.80929	  1.1035e+02	  4.7121e+01	  2.7750e+03	  4.0038e+03	  1.2470e+03	  3.2377e+01	  1.4052e-01	
          84000	          30000	            200	          10000	 1	     6.82239	  1.0583e+02	  4.5227e+01	  2.7061e+03	  3.8832e+03	  1.2425e+03	  3.2203e+01	  1.4337e-01	
          90000	          30000	            200	          10000	 1	     6.82924	  1.0351e+02	  4.4256e+01	  2.6707e+03	  3.8213e+03	  1.2406e+03	  3.2116e+01	  1.4491e-01	
              0	          36000	            200	          10000	 1	     5.70423	  1.8224e+04	  3.8686e+03	  1.2192e+05	  2.3096e+05	  2.5092e+02	  4.4504e+02	  7.7124e-01	
           6000	          36000	            200	          10000	 1	     5.67145	  1.6786e+04	  3.7057e+03	  1.1398e+05	  2.1571e+05	  2.9029e+02	  4.1606e+02	  8.7540e-01	
          12000	          36000	            200	          10000	 1	     5.60285	  1.3399e+04	  3.2576e+03	  9.4521e+04	  1.7842e+05	  4.3838e+02	  3.4567e+02	  1.1110e+00	
          18000	          36000	            200	          10000	 1	     5.60316	  8.9630e+03	  2.5048e+03	  6.7271e+04	  1.2636e+05	  7.7217e+02	  2.4893e+02	  1.0765e+00	
          24000	          36000	            200	          10000	 1	      5.7777	  4.5509e+03	  1.4966e+03	  3.7871e+04	  7.0298e+04	  1.1760e+03	  1.4732e+02	  5.2727e-01	
          30000	          36000	            200	          10000	 1	     6.41804	  4.7444e+02	  1.9400e+02	  6.7405e+03	  1.1275e+04	  1.2542e+03	  4.3762e+01	  1.1657e-01	
          36000	          36000	            200	          10000	 1	      6.4902	  3.4803e+02	  1.4402e+02	  5.5655e+03	  9.0670e+03	  1.2844e+03	  4.0073e+01	  1.1219e-01	
          42000	          36000	            200	          10000	 1	     6.51321	  3.1298e+02	  1.2998e+02	  5.2338e+03	  8.4398e+03	  1.3038e+03	  3.9056e+01	  1.1137e-01	
          48000	          36000	            200	          10000	 1	     6.59209	  2.3428e+02	  9.8209e+01	  4.3661e+03	  6.8565e+03	  1.2903e+03	  3.6576e+01	  1.1336e-01	
          54000	          36000	            200	          10000	 1	     6.70553	  1.5811e+02	  6.6990e+01	  3.4267e+03	  5.1688e+03	  1.2589e+03	  3.4032e+01	  1.2349e-01	
          60000	          36000	            200	          10000	 1	     6.73733	  1.4153e+02	  6.0119e+01	  3.2085e+03	  4.7778e+03	  1.2542e+03	  3.3465e+01	  1.2783e-01	
          66000	          36000	            200	          10000	 1	     6.76515	  1.2847e+02	  5.4690e+01	  3.0312e+03	  4.4607e+03	  1.2512e+03	  3.3012e+01	  1.3223e-01	
          72000	          36000	            200	          10000	 1	     6.78568	  1.1957e+02	  5.0974e+01	  2.9076e+03	  4.2395e+03	  1.2502e+03	  3.2703e+01	  1.3586e-01	
          78000	          36000	            200	          10000	 1	     6.80158	  1.1303e+02	  4.8240e+01	  2.8159e+03	  4.0749e+03	  1.2506e+03	  3.2480e+01	  1.3889e-01	
          84000	          36000	            200	          10000	 1	     6.80934	  1.1014e+02	  4.7029e+01	  2.7734e+03	  3.9997e+03	  1.2491e+03	  3.2375e+01	  1.4048e-01	
          90000	          36000	            200	          10000	 1	      6.8136	  1.0859e+02	  4.6381e+01	  2.7505e+03	  3.9592e+03	  1.2483e+03	  3.2318e+01	  1.4138e-01	
              0	          42000	            200	          10000	 1	     5.70792	  1.8391e+04	  3.8866e+03	  1.2283e+05	  2.3272e+05	  2.4705e+02	  4.4839e+02	  7.5976e-01	
           6000	          42000	            200	          10000	 1	     5.68822	  1.7490e+04	  3.7873e+03	  1.1790e+05	  2.2324e+05	  2.6919e+02	  4.3032e+02	  8.2229e-01	
          12000	          42000	            200	          10000	 1	     5.63642	  1.5184e+04	  3.5054e+03	  1.0493e+05	  1.9836e+05	  3.4857e+02	  3.8314e+02	  9.9361e-01	
          18000	          42000	            200	          10000	 1	     5.58597	  1.1749e+04	  3.0014e+03	  8.4677e+04	  1.5958e+05	  5.4513e+02	  3.1026e+02	  1.1688e+00	
          24000	          42000	            200	          10000	 1	     5.63396	  7.6019e+03	  2.2260e+03	  5.8522e+04	  1.0965e+05	  9.0208e+02	  2.1819e+02	  9.4420e-01	
          30000	          42000	            200	          10000	 1	      6.3979	  5.0880e+02	  2.0739e+02	  7.0750e+03	  1.1891e+04	  1.2645e+03	  4.4768e+01	  1.1782e-01	
          36000	          42000	            200	          10000	 1	     6.46641	  3.8099e+02	  1.5713e+02	  5.8961e+03	  9.6779e+03	  1.2868e+03	  4.1055e+01	  1.1278e-01	
          42000	          42000	            200	          10000	 1	     6.49497	  3.3440e+02	  1.3854e+02	  5.4608e+03	  8.8551e+03	  1.3089e+03	  3.9711e+01	  1.1140e-01	
          48000	          42000	            200	          10000	 1	     6.58261	  2.4249e+02	  1.0155e+02	  4.4584e+03	  7.0248e+03	  1.2918e+03	  3.6826e+01	  1.1289e-01	
          54000	          42000	            200	          10000	 1	     6.70037	  1.6120e+02	  6.8271e+01	  3.4630e+03	  5.2356e+03	  1.2580e+03	  3.4116e+01	  1.2284e-01	
          60000	          42000	            200	          10000	 1	     6.73306	  1.4356e+02	  6.0965e+01	  3.2344e+03	  4.8243e+03	  1.2552e+03	  3.3521e+01	  1.2715e-01	
          66000	          42000	            200	          10000	 1	     6.75766	  1.3169e+02	  5.6030e+01	  3.0747e+03	  4.5382e+03	  1.2531e+03	  3.3112e+01	  1.3092e-01	
          72000	          42000	            200	          10000	 1	     6.77698	  1.2313e+02	  5.2460e+01	  2.9564e+03	  4.3266e+03	  1.2515e+03	  3.2814e+01	  1.3421e-01	
          78000	          42000	            200	          10000	 1	     6.79321	  1.1639e+02	  4.9647e+01	  2.8614e+03	  4.1571e+03	  1.2503e+03	  3.2578e+01	  1.3721e-01	
          84000	          42000	            200	          10000	 1	     6.80294	  1.1267e+02	  4.8093e+01	  2.8073e+03	  4.0613e+03	  1.2484e+03	  3.2444e+01	  1.3915e-01	
          90000	          42000	            200	          10000	 1	     6.80817	  1.1074e+02	  4.7286e+01	  2.7789e+03	  4.0111e+03	  1.2472e+03	  3.2374e+01	  1.4023e-01	
              0	          48000	            200	          10000	 1	     5.70921	  1.8452e+04	  3.8931e+03	  1.2316e+05	  2.3336e+05	  2.4570e+02	  4.4960e+02	  7.5570e-01	
           6000	          48000	            200	          10000	 1	     5.69438	  1.7752e+04	  3.8167e+03	  1.1935e+05	  2.2602e+05	  2.6210e+02	  4.3559e+02	  8.0308e-01	
          12000	          48000	            200	          10000	 1	     5.65295	  1.5903e+04	  3.5975e+03	  1.0904e+05	  2.0623e+05	  3.1925e+02	  3.9799e+02	  9.3854e-01	
          18000	          48000	            200	          10000	 1	      5.5985	  1.3010e+04	  3.1988e+03	  9.2291e+04	  1.7412e+05	  4.5986e+02	  3.3738e+02	  1.1277e+00	
          24000	          48000	            200	          10000	 1	     5.59614	  9.2196e+03	  2.5532e+03	  6.9018e+04	  1.2965e+05	  7.5479e+02	  2.5461e+02	  1.1031e+00	
          30000	          48000	            200	          10000	 1	     6.06458	  1.6012e+03	  6.0419e+02	  1.6535e+04	  2.9563e+04	  1.4221e+03	  7.4971e+01	  1.9648e-01	
          36000	          48000	            200	          10000	 1	     6.34143	  5.7553e+02	  2.3285e+02	  7.9116e+03	  1.3345e+04	  1.3802e+03	  4.7190e+01	  1.1992e-01	
          42000	          48000	            200	          10000	 1	     6.41976	  4.2170e+02	  1.7299e+02	  6.4614e+03	  1.0643e+04	  1.3832e+03	  4.2686e+01	  1.1252e-01	
          48000	          48000	            200	          10000	 1	     6.51208	  3.0031e+02	  1.2480e+02	  5.1868e+03	  8.3085e+03	  1.3591e+03	  3.8935e+01	  1.1019e-01	
          54000	          48000	            200	          10000	 1	     6.62822	  1.9909e+02	  8.3803e+01	  4.0050e+03	  6.1727e+03	  1.3238e+03	  3.5640e+01	  1.1493e-01	
          60000	          48000	            200	          10000	 1	     6.66342	  1.7507e+02	  7.3938e+01	  3.7096e+03	  5.6380e+03	  1.3218e+03	  3.4852e+01	  1.1786e-01	
          66000	          48000	            200	          10000	 1	     6.68566	  1.6145e+02	  6.8323e+01	  3.5365e+03	  5.3253e+03	  1.3212e+03	  3.4399e+01	  1.2012e-01	
          72000	          48000	            200	          10000	 1	     6.70439	  1.5104e+02	  6.4019e+01	  3.3993e+03	  5.0791e+03	  1.3194e+03	  3.4043e+01	  1.2231e-01	
          78000	          48000	            200	          10000	 1	     6.72234	  1.4195e+02	  6.0253e+01	  3.2753e+03	  4.8580e+03	  1.3160e+03	  3.3725e+01	  1.2467e-01	
          84000	          48000	            200	          10000	 1	     6.73552	  1.3594e+02	  5.7762e+01	  3.1896e+03	  4.7071e+03	  1.3109e+03	  3.3504e+01	  1.2660e-01	
          90000	          48000	            200	          10000	 1	     6.74397	  1.3233e+02	  5.6263e+01	  3.1367e+03	  4.6145e+03	  1.3068e+03	  3.3367e+01	  1.2792e-01	
              0	              0	            300	          10000	 1	     5.70623	  1.8310e+04	  3.8779e+03	  1.2238e+05	  2.3186e+05	  2.4886e+02	  4.4676e+02	  7.6517e-01	
           6000	              0	            300	          10000	 1	     5.67819	  1.7035e+04	  3.7351e+03	  1.1535e+05	  2.1835e+05	  2.8196e+02	  4.2108e+02	  8.5503e-01	
          12000	              0	            300	          10000	 1	     5.61195	  1.3739e+04	  3.3077e+03	  9.6480e+04	  1.8219e+05	  4.1524e+02	  3.5282e+02	  1.0832e+00	
          18000	              0	            300	          10000	 1	     5.60701	  9.1096e+03	  2.5343e+03	  6.8125e+04	  1.2803e+05	  7.4495e+02	  2.5208e+02	  1.0728e+00	
          24000	              0	            300	          10000	 1	     5.78181	  4.5744e+03	  1.5036e+03	  3.7929e+04	  7.0454e+04	  1.1532e+03	  1.4768e+02	  5.2470e-01	
          30000	              0	            300	          10000	 1	     6.16886	  1.1747e+03	  4.5547e+02	  1.2885e+04	  2.2764e+04	  1.3289e+03	  6.3460e+01	  1.5984e-01	
          36000	              0	            300	          10000	 1	     6.22331	  8.8812e+02	  3.5059e+02	  1.0728e+04	  1.8594e+04	  1.4165e+03	  5.6075e+01	  1.3971e-01	
          42000	              0	            300	          10000	 1	     6.18951	  9.7126e+02	  3.8089e+02	  1.1550e+04	  2.0087e+04	  1.4695e+03	  5.8548e+01	  1.4601e-01	
          48000	              0	            300	          10000	 1	      6.4545	  3.7041e+02	  1.5274e+02	  5.9399e+03	  9.6834e+03	  1.3756e+03	  4.1168e+01	  1.1097e-01	
          54000	              0	            300	          10000	 1	     6.62449	  2.0031e+02	  8.4292e+01	  4.0293e+03	  6.2107e+03	  1.3332e+03	  3.5710e+01	  1.1447e-01	
          60000	              0	            300	          10000	 1	     6.66699	  1.7213e+02	  7.2724e+01	  3.6759e+03	  5.5745e+03	  1.3263e+03	  3.4757e+01	  1.1808e-01	
          66000	              0	            300	          10000	 1	     6.68603	  1.6126e+02	  6.8247e+01	  3.5324e+03	  5.3187e+03	  1.3208e+03	  3.4379e+01	  1.2014e-01	
          72000	              0	            300	          10000	 1	      6.7037	  1.5183e+02	  6.4351e+01	  3.4059e+03	  5.0933e+03	  1.3160e+03	  3.4053e+01	  1.2227e-01	
          78000	              0	            300	          10000	 1	     6.72176	  1.4275e+02	  6.0587e+01	  3.2823e+03	  4.8733e+03	  1.3117e+03	  3.3739e+01	  1.2468e-01	
          84000	              0	            300	          10000	 1	     6.74019	  1.3414e+02	  5.7013e+01	  3.1624e+03	  4.6604e+03	  1.3069e+03	  3.3438e+01	  1.2738e-01	
          90000	              0	            300	          10000	 1	     6.75937	  1.2575e+02	  5.3526e+01	  3.0430e+03	  4.4490e+03	  1.3022e+03	  3.3140e+01	  1.3046e-01	
              0	           6000	            300	          10000	 1	     5.70486	  1.8248e+04	  3.8713e+03	  1.2205e+05	  2.3122e+05	  2.5030e+02	  4.4553e+02	  7.6942e-01	
           6000	           6000	            300	          10000	 1	     5.67225	  1.6787e+04	  3.7061e+03	  1.1396e+05	  2.1569e+05	  2.8973e+02	  4.1605e+02	  8.7393e-01	
          12000	           6000	            300	          10000	 1	      5.6041	  1.3179e+04	  3.2261e+03	  9.3134e+04	  1.7580e+05	  4.4617e+02	  3.4093e+02	  1.1117e+00	
          18000	           6000	            300	          10000	 1	     5.62888	  8.2758e+03	  2.3696e+03	  6.2680e+04	  1.1768e+05	  8.0686e+02	  2.3336e+02	  9.8902e-01	
          24000	           6000	            300	          10000	 1	     5.86735	  3.6100e+03	  1.2374e+03	  3.0925e+04	  5.7189e+04	  1.1695e+03	  1.2433e+02	  3.9161e-01	
          30000	           6000	            300	          10000	 1	     6.37569	  6.3805e+02	  2.5781e+02	  7.9291e+03	  1.3637e+04	  1.1216e+03	  4.7831e+01	  1.2611e-01	
          36000	           6000	            300	          10000	 1	     6.47976	  3.8316e+02	  1.5813e+02	  5.8106e+03	  9.5738e+03	  1.2228e+03	  4.0877e+01	  1.1420e-01	
          42000	           6000	            300	          10000	 1	     6.51353	  3.2506e+02	  1.3489e+02	  5.2901e+03	  8.5796e+03	  1.2590e+03	  3.9268e+01	  1.1250e-01	
          48000	           6000	            300	          10000	 1	     6.61189	  2.2308e+02	  9.3684e+01	  4.1972e+03	  6.5709e+03	  1.2602e+03	  3.6087e+01	  1.1496e-01	
          54000	           6000	            300	          10000	 1	      6.7277	  1.4735e+02	  6.2542e+01	  3.2722e+03	  4.8989e+03	  1.2470e+03	  3.3591e+01	  1.2648e-01	
          60000	           6000	            300	          10000	 1	     6.74863	  1.3644e+02	  5.8010e+01	  3.1314e+03	  4.6437e+03	  1.2490e+03	  3.3232e+01	  1.2949e-01	
          66000	           6000	            300	          10000	 1	      6.7653	  1.2904e+02	  5.4930e+01	  3.0285e+03	  4.4612e+03	  1.2447e+03	  3.2968e+01	  1.3226e-01	
          72000	           6000	            300	          10000	 1	     6.78556	  1.2077e+02	  5.1486e+01	  2.9102e+03	  4.2526e+03	  1.2382e+03	  3.2668e+01	  1.3595e-01	
          78000	           6000	            300	          10000	 1	     6.80871	  1.1210e+02	  4.7863e+01	  2.7826e+03	  4.0287e+03	  1.2304e+03	  3.2346e+01	  1.4060e-01	
          84000	           6000	            300	          10000	 1	     6.83228	  1.0401e+02	  4.4477e+01	  2.6603e+03	  3.8148e+03	  1.2220e+03	  3.2040e+01	  1.4585e-01	
          90000	           6000	            300	          10000	 1	     6.85098	  9.7753e+01	  4.1847e+01	  2.5665e+03	  3.6490e+03	  1.2191e+03	  3.1814e+01	  1.5032e-01	
              0	          12000	            300	          10000	 1	     5.70246	  1.8141e+04	  3.8597e+03	  1.2146e+05	  2.3009e+05	  2.5284e+02	  4.4339e+02	  7.7686e-01	
           6000	          12000	            300	          10000	 1	     5.66392	  1.6437e+04	  3.6643e+03	  1.1199e+05	  2.1191e+05	  3.0135e+02	  4.0892e+02	  9.0080e-01	
          12000	          12000	            300	          10000	 1	     5.59754	  1.2616e+04	  3.1409e+03	  8.9754e+04	  1.6935e+05	  4.8026e+02	  3.2890e+02	  1.1349e+00	
          18000	          12000	            300	          10000	 1	     5.64446	  7.7580e+03	  2.2622e+03	  5.9276e+04	  1.1121e+05	  8.4816e+02	  2.2166e+02	  9.3071e-01	
          24000	          12000	            300	          10000	 1	     5.89626	  3.3183e+03	  1.1526e+03	  2.8782e+04	  5.3127e+04	  1.1734e+03	  1.1721e+02	  3.5617e-01	
          30000	          12000	            300	          10000	 1	       6.384	  6.3386e+02	  2.5630e+02	  7.8410e+03	  1.3496e+04	  1.0968e+03	  4.7634e+01	  1.2637e-01	
          36000	          12000	            300	          10000	 1	     6.50945	  3.3457e+02	  1.3873e+02	  5.3628e+03	  8.7263e+03	  1.2445e+03	  3.9476e+01	  1.1291e-01	
          42000	          12000	            300	          10000	 1	     6.54784	  2.7896e+02	  1.1633e+02	  4.8436e+03	  7.7383e+03	  1.2827e+03	  3.7933e+01	  1.1209e-01	
          48000	          12000	            300	          10000	 1	     6.63621	  2.0343e+02	  8.5647e+01	  3.9739e+03	  6.1620e+03	  1.2617e+03	  3.5469e+01	  1.1654e-01	
          54000	          12000	            300	          10000	 1	     6.74213	  1.4056e+02	  5.9727e+01	  3.1792e+03	  4.7345e+03	  1.2415e+03	  3.3348e+01	  1.2867e-01	
          60000	          12000	            300	          10000	 1	     6.76403	  1.3020e+02	  5.5418e+01	  3.0397e+03	  4.4845e+03	  1.2396e+03	  3.2991e+01	  1.3215e-01	
          66000	          12000	            300	          10000	 1	     6.78255	  1.2257e+02	  5.2240e+01	  2.9307e+03	  4.2924e+03	  1.2334e+03	  3.2711e+01	  1.3549e-01	
          72000	          12000	            300	          10000	 1	      6.8044	  1.1423e+02	  4.8756e+01	  2.8087e+03	  4.0781e+03	  1.2260e+03	  3.2401e+01	  1.3981e-01	
          78000	          12000	            300	          10000	 1	     6.82956	  1.0543e+02	  4.5074e+01	  2.6770e+03	  3.8476e+03	  1.2173e+03	  3.2071e+01	  1.4533e-01	
          84000	          12000	            300	          10000	 1	     6.85381	  9.7659e+01	  4.1812e+01	  2.5579e+03	  3.6395e+03	  1.2091e+03	  3.1778e+01	  1.5123e-01	
          90000	          12000	            300	          10000	 1	      6.8811	  8.9462e+01	  3.8363e+01	  2.4302e+03	  3.4159e+03	  1.2024e+03	  3.1468e+01	  1.5854e-01	
              0	          18000	            300	          10000	 1	     5.70132	  1.8095e+04	  3.8546e+03	  1.2121e+05	  2.2961e+05	  2.5402e+02	  4.4246e+02	  7.8027e-01	
           6000	          18000	            300	          10000	 1	      5.6641	  1.6490e+04	  3.6701e+03	  1.1232e+05	  2.1252e+05	  3.0031e+02	  4.1001e+02	  8.9873e-01	
          12000	          18000	            300	          10000	 1	     5.59849	  1.3167e+04	  3.2231e+03	  9.3143e+04	  1.7578e+05	  4.5329e+02	  3.4075e+02	  1.1254e+00	
          18000	          18000	            300	          10000	 1	     5.60225	  9.0129e+03	  2.5146e+03	  6.7580e+04	  1.2695e+05	  7.6787e+02	  2.5010e+02	  1.0805e+00	
          24000	          18000	            300	          10000	 1	     5.75823	  4.8931e+03	  1.5871e+03	  4.0223e+04	  7.4794e+04	  1.1391e+03	  1.5551e+02	  5.7210e-01	
          30000	          18000	            300	          10000	 1	     6.21386	  9.5219e+02	  3.7442e+02	  1.1175e+04	  1.9480e+04	  1.3753e+03	  5.7689e+01	  1.4408e-01	
          36000	          18000	            300	          10000	 1	     6.47641	  3.7974e+02	  1.5672e+02	  5.8137e+03	  9.5603e+03	  1.2465e+03	  4.0832e+01	  1.1354e-01	
          42000	          18000	            300	          10000	 1	     6.55437	  2.7183e+02	  1.1345e+02	  4.7657e+03	  7.5954e+03	  1.2836e+03	  3.7687e+01	  1.1215e-01	
          48000	          18000	            300	          10000	 1	     6.63135	  2.0708e+02	  8.7143e+01	  4.0158e+03	  6.2385e+03	  1.2620e+03	  3.5575e+01	  1.1616e-01	
          54000	          18000	            300	          10000	 1	     6.74403	  1.3965e+02	  5.9350e+01	  3.1661e+03	  4.7113e+03	  1.2410e+03	  3.3310e+01	  1.2894e-01	
          60000	          18000	            300	          10000	 1	     6.75593	  1.3385e+02	  5.6936e+01	  3.0895e+03	  4.5733e+03	  1.2409e+03	  3.3116e+01	  1.3079e-01	
          66000	          18000	            300	          10000	 1	     6.76767	  1.2873e+02	  5.4806e+01	  3.0185e+03	  4.4475e+03	  1.2378e+03	  3.2937e+01	  1.3280e-01	
          72000	          18000	            300	          10000	 1	     6.79794	  1.1676e+02	  4.9816e+01	  2.8452e+03	  4.1429e+03	  1.2269e+03	  3.2494e+01	  1.3852e-01	
          78000	          18000	            300	          10000	 1	     6.82454	  1.0704e+02	  4.5746e+01	  2.7030e+03	  3.8922e+03	  1.2201e+03	  3.2143e+01	  1.4419e-01	
          84000	          18000	            300	          10000	 1	     6.84088	  1.0155e+02	  4.3446e+01	  2.6201e+03	  3.7468e+03	  1.2154e+03	  3.1938e+01	  1.4799e-01	
          90000	          18000	            300	          10000	 1	     6.87377	  9.1481e+01	  3.9213e+01	  2.4623e+03	  3.4715e+03	  1.2054e+03	  3.1544e+01	  1.5645e-01	
              0	          24000	            300	          10000	 1	     5.69313	  1.7750e+04	  3.8167e+03	  1.1932e+05	  2.2597e+05	  2.6294e+02	  4.3556e+02	  8.0539e-01	
           6000	          24000	            300	          10000	 1	     5.63307	  1.5160e+04	  3.5028e+03	  1.0474e+05	  1.9801e+05	  3.5228e+02	  3.8265e+02	  1.0017e+00	
          12000	          24000	            300	          10000	 1	     5.58744	  1.0216e+04	  2.7399e+03	  7.5148e+04	  1.4141e+05	  6.6448e+02	  2.7681e+02	  1.1510e+00	
          18000	          24000	            300	          10000	 1	     5.73824	  5.2055e+03	  1.6674e+03	  4.2392e+04	  7.8923e+04	  1.1183e+03	  1.6284e+02	  6.1756e-01	
          24000	          24000	            300	          10000	 1	     6.02857	  1.9427e+03	  7.2033e+02	  1.8938e+04	  3.4233e+04	  1.3318e+03	  8.3421e+01	  2.2402e-01	
          30000	          24000	            300	          10000	 1	     6.40648	  5.1457e+02	  2.0979e+02	  7.0274e+03	  1.1850e+04	  1.2154e+03	  4.4669e+01	  1.1876e-01	
          36000	          24000	            300	          10000	 1	     6.52032	  3.2001e+02	  1.3289e+02	  5.2173e+03	  8.4559e+03	  1.2470e+03	  3.9029e+01	  1.1274e-01	
          42000	          24000	            300	          10000	 1	     6.55786	  2.7236e+02	  1.1369e+02	  4.7441e+03	  7.5700e+03	  1.2658e+03	  3.7611e+01	  1.1260e-01	
          48000	          24000	            300	          10000	 1	     6.62782	  2.1229e+02	  8.9290e+01	  4.0582e+03	  6.3259e+03	  1.2485e+03	  3.5678e+01	  1.1618e-01	
          54000	          24000	            300	          10000	 1	      6.7255	  1.4933e+02	  6.3369e+01	  3.2920e+03	  4.9386e+03	  1.2407e+03	  3.3638e+01	  1.2631e-01	
          60000	          24000	            300	          10000	 1	       6.741	  1.4090e+02	  5.9866e+01	  3.1862e+03	  4.7456e+03	  1.2435e+03	  3.3373e+01	  1.2848e-01	
          66000	          24000	            300	          10000	 1	     6.75604	  1.3387e+02	  5.6947e+01	  3.0901e+03	  4.5746e+03	  1.2404e+03	  3.3122e+01	  1.3084e-01	
          72000	          24000	            300	          10000	 1	     6.79603	  1.1754e+02	  5.0139e+01	  2.8551e+03	  4.1610e+03	  1.2269e+03	  3.2513e+01	  1.3813e-01	
          78000	          24000	            300	          10000	 1	     6.82472	  1.0668e+02	  4.5596e+01	  2.6997e+03	  3.8846e+03	  1.2231e+03	  3.2136e+01	  1.4415e-01	
          84000	          24000	            300	          10000	 1	     6.84601	  9.9603e+01	  4.2626e+01	  2.5920e+03	  3.6958e+03	  1.2172e+03	  3.1868e+01	  1.4914e-01	
          90000	          24000	            300	          10000	 1	     6.85454	  9.6805e+01	  4.1450e+01	  2.5500e+03	  3.6214e+03	  1.2162e+03	  3.1768e+01	  1.5125e-01	
              0	          30000	            300	          10000	 1	     5.69852	  1.7976e+04	  3.8416e+03	  1.2056e+05	  2.2835e+05	  2.5702e+02	  4.4008e+02	  7.8883e-01	
           6000	          30000	            300	          10000	 1	     5.64816	  1.5811e+04	  3.5866e+03	  1.0846e+05	  2.0514e+05	  3.2505e+02	  3.9609e+02	  9.5122e-01	
          12000	          30000	            300	          10000	 1	     5.58548	  1.1209e+04	  2.9129e+03	  8.1283e+04	  1.5313e+05	  5.8372e+02	  2.9855e+02	  1.1686e+00	
          18000	          30000	            300	          10000	 1	     5.69877	  6.0526e+03	  1.8768e+03	  4.8103e+04	  8.9837e+04	  1.0291e+03	  1.8262e+02	  7.3090e-01	
          24000	          30000	            300	          10000	 1	     5.99322	  2.2485e+03	  8.2088e+02	  2.1172e+04	  3.8519e+04	  1.2949e+03	  9.1074e+01	  2.5132e-01	
          30000	          30000	            300	          10000	 1	     6.43013	  4.6721e+02	  1.9128e+02	  6.6030e+03	  1.1052e+04	  1.2191e+03	  4.3355e+01	  1.1684e-01	
          36000	          30000	            300	          10000	 1	      6.5224	  3.1515e+02	  1.3093e+02	  5.1805e+03	  8.3811e+03	  1.2552e+03	  3.8916e+01	  1.1253e-01	
          42000	          30000	            300	          10000	 1	      6.5526	  2.7859e+02	  1.1621e+02	  4.8069e+03	  7.6876e+03	  1.2630e+03	  3.7794e+01	  1.1256e-01	
          48000	          30000	            300	          10000	 1	     6.62697	  2.1202e+02	  8.9173e+01	  4.0617e+03	  6.3285e+03	  1.2536e+03	  3.5691e+01	  1.1602e-01	
          54000	          30000	            300	          10000	 1	     6.71141	  1.5700e+02	  6.6546e+01	  3.3915e+03	  5.1175e+03	  1.2418e+03	  3.3903e+01	  1.2446e-01	
          60000	          30000	            300	          10000	 1	     6.73113	  1.4622e+02	  6.2077e+01	  3.2536e+03	  4.8684e+03	  1.2417e+03	  3.3544e+01	  1.2709e-01	
          66000	          30000	            300	          10000	 1	     6.77669	  1.2619e+02	  5.3755e+01	  2.9697e+03	  4.3692e+03	  1.2236e+03	  3.2788e+01	  1.3459e-01	
          72000	          30000	            300	          10000	 1	     6.80267	  1.1522e+02	  4.9173e+01	  2.8176e+03	  4.0968e+03	  1.2227e+03	  3.2405e+01	  1.3946e-01	
          78000	          30000	            300	          10000	 1	     6.84233	  1.0100e+02	  4.3212e+01	  2.6109e+03	  3.7305e+03	  1.2158e+03	  3.1907e+01	  1.4828e-01	
          84000	          30000	            300	          10000	 1	     6.84838	  9.8733e+01	  4.2260e+01	  2.5800e+03	  3.6738e+03	  1.2179e+03	  3.1842e+01	  1.4971e-01	
          90000	          30000	            300	          10000	 1	     6.85282	  9.7208e+01	  4.1619e+01	  2.5579e+03	  3.6341e+03	  1.2183e+03	  3.1792e+01	  1.5080e-01	
              0	          36000	            300	          10000	 1	     5.70423	  1.8223e+04	  3.8686e+03	  1.2192e+05	  2.3096e+05	  2.5092e+02	  4.4504e+02	  7.7125e-01	
           6000	          36000	            300	          10000	 1	     5.67144	  1.6786e+04	  3.7056e+03	  1.1397e+05	  2.1570e+05	  2.9031e+02	  4.1604e+02	  8.7545e-01	
          12000	          36000	            300	          10000	 1	     5.60283	  1.3398e+04	  3.2573e+03	  9.4511e+04	  1.7840e+05	  4.3848e+02	  3.4564e+02	  1.1111e+00	
          18000	          36000	            300	          10000	 1	      5.6032	  8.9616e+03	  2.5045e+03	  6.7261e+04	  1.2634e+05	  7.7229e+02	  2.4890e+02	  1.0764e+00	
          24000	          36000	            300	          10000	 1	     5.77819	  4.5447e+03	  1.4949e+03	  3.7826e+04	  7.0213e+04	  1.1762e+03	  1.4717e+02	  5.2634e-01	
          30000	          36000	            300	          10000	 1	     6.43242	  4.5734e+02	  1.8737e+02	  6.5377e+03	  1.0918e+04	  1.2324e+03	  4.3145e+01	  1.1625e-01	
          36000	          36000	            300	          10000	 1	       6.512	  3.2683e+02	  1.3560e+02	  5.3079e+03	  8.6125e+03	  1.2595e+03	  3.9301e+01	  1.1248e-01	
          42000	          36000	            300	          10000	 1	     6.54088	  2.8901e+02	  1.2040e+02	  4.9319e+03	  7.9100e+03	  1.2724e+03	  3.8161e+01	  1.1216e-01	
          48000	          36000	            300	          10000	 1	     6.61852	  2.1730e+02	  9.1324e+01	  4.1333e+03	  6.4532e+03	  1.2617e+03	  3.5897e+01	  1.1532e-01	
          54000	          36000	            300	          10000	 1	     6.72947	  1.4796e+02	  6.2804e+01	  3.2698e+03	  4.9018e+03	  1.2350e+03	  3.3581e+01	  1.2700e-01	
          60000	          36000	            300	          10000	 1	     6.76409	  1.3151e+02	  5.5968e+01	  3.0475e+03	  4.5057e+03	  1.2279e+03	  3.3004e+01	  1.3241e-01	
          66000	          36000	            300	          10000	 1	     6.79571	  1.1822e+02	  5.0427e+01	  2.8609e+03	  4.1743e+03	  1.2217e+03	  3.2525e+01	  1.3819e-01	
          72000	          36000	            300	          10000	 1	     6.81813	  1.0953e+02	  4.6790e+01	  2.7365e+03	  3.9530e+03	  1.2191e+03	  3.2214e+01	  1.4278e-01	
          78000	          36000	            300	          10000	 1	     6.83739	  1.0265e+02	  4.3908e+01	  2.6353e+03	  3.7737e+03	  1.2166e+03	  3.1964e+01	  1.4709e-01	
          84000	          36000	            300	          10000	 1	       6.844	  1.0036e+02	  4.2945e+01	  2.6017e+03	  3.7138e+03	  1.2163e+03	  3.1884e+01	  1.4866e-01	
          90000	          36000	            300	          10000	 1	     6.84759	  9.9142e+01	  4.2433e+01	  2.5837e+03	  3.6818e+03	  1.2161e+03	  3.1842e+01	  1.4952e-01	
              0	          42000	            300	          10000	 1	     5.70791	  1.8391e+04	  3.8866e+03	  1.2283e+05	  2.3272e+05	  2.4705e+02	  4.4839e+02	  7.5977e-01	
           6000	          42000	            300	          10000	 1	     5.68821	  1.7490e+04	  3.7872e+03	  1.1789e+05	  2.2323e+05	  2.6921e+02	  4.3031e+02	  8.2233e-01	
          12000	          42000	            300	          10000	 1	     5.63639	  1.5183e+04	  3.5052e+03	  1.0493e+05	  1.9834e+05	  3.4863e+02	  3.8312e+02	  9.9371e-01	
          18000	          42000	            300	          10000	 1	     5.58596	  1.1747e+04	  3.0012e+03	  8.4667e+04	  1.5956e+05	  5.4526e+02	  3.1022e+02	  1.1689e+00	
          24000	          42000	            300	          10000	 1	     5.63379	  7.6050e+03	  2.2267e+03	  5.8543e+04	  1.0969e+05	  9.0199e+02	  2.1826e+02	  9.4473e-01	
          30000	          42000	            300	          10000	 1	     6.43462	  4.5996e+02	  1.8845e+02	  6.5270e+03	  1.0914e+04	  1.2167e+03	  4.3092e+01	  1.1656e-01	
          36000	          42000	            300	          10000	 1	     6.48794	  3.5807e+02	  1.4808e+02	  5.6242e+03	  9.1964e+03	  1.2618e+03	  4.0234e+01	  1.1277e-01	
          42000	          42000	            300	          10000	 1	     6.51317	  3.1740e+02	  1.3178e+02	  5.2498e+03	  8.4841e+03	  1.2874e+03	  3.9082e+01	  1.1169e-01	
          48000	          42000	            300	          10000	 1	      6.5979	  2.3221e+02	  9.7388e+01	  4.3184e+03	  6.7821e+03	  1.2747e+03	  3.6416e+01	  1.1389e-01	
          54000	          42000	            300	          10000	 1	     6.71395	  1.5525e+02	  6.5821e+01	  3.3715e+03	  5.0799e+03	  1.2441e+03	  3.3852e+01	  1.2474e-01	
          60000	          42000	            300	          10000	 1	     6.74777	  1.3789e+02	  5.8618e+01	  3.1436e+03	  4.6708e+03	  1.2404e+03	  3.3260e+01	  1.2955e-01	
          66000	          42000	            300	          10000	 1	     6.77321	  1.2624e+02	  5.3768e+01	  2.9848e+03	  4.3869e+03	  1.2376e+03	  3.2854e+01	  1.3376e-01	
          72000	          42000	            300	          10000	 1	     6.79277	  1.1798e+02	  5.0321e+01	  2.8695e+03	  4.1811e+03	  1.2359e+03	  3.2565e+01	  1.3734e-01	
          78000	          42000	            300	          10000	 1	     6.80849	  1.1171e+02	  4.7697e+01	  2.7808e+03	  4.0225e+03	  1.2353e+03	  3.2347e+01	  1.4045e-01	
          84000	          42000	            300	          10000	 1	     6.81767	  1.0831e+02	  4.6274e+01	  2.7314e+03	  3.9347e+03	  1.2340e+03	  3.2226e+01	  1.4240e-01	
          90000	          42000	            300	          10000	 1	     6.82241	  1.0660e+02	  4.5558e+01	  2.7064e+03	  3.8904e+03	  1.2333e+03	  3.2166e+01	  1.4343e-01	
              0	          48000	            300	          10000	 1	     5.70921	  1.8452e+04	  3.8931e+03	  1.2316e+05	  2.3336e+05	  2.4571e+02	  4.4960e+02	  7.5570e-01	
           6000	          48000	            300	          10000	 1	     5.69437	  1.7752e+04	  3.8166e+03	  1.1934e+05	  2.2601e+05	  2.6211e+02	  4.3558e+02	  8.0311e-01	
          12000	          48000	            300	          10000	 1	     5.65293	  1.5902e+04	  3.5974e+03	  1.0904e+05	  2.0622e+05	  3.1929e+02	  3.9797e+02	  9.3862e-01	
          18000	          48000	            300	          10000	 1	     5.59847	  1.3009e+04	  3.1986e+03	  9.2282e+04	  1.7411e+05	  4.5995e+02	  3.3735e+02	  1.1277e+00	
          24000	          48000	            300	          10000	 1	     5.59604	  9.2233e+03	  2.5539e+03	  6.9042e+04	  1.2969e+05	  7.5454e+02	  2.5469e+02	  1.1035e+00	
          30000	          48000	            300	          10000	 1	     6.06387	  1.6094e+03	  6.0705e+02	  1.6590e+04	  2.9672e+04	  1.4186e+03	  7.5168e+01	  1.9710e-01	
          36000	          48000	            300	          10000	 1	     6.34289	  5.7350e+02	  2.3208e+02	  7.8875e+03	  1.3302e+04	  1.3775e+03	  4.7117e+01	  1.1983e-01	
          42000	          48000	            300	          10000	 1	     6.42158	  4.1947e+02	  1.7212e+02	  6.4354e+03	  1.0597e+04	  1.3809e+03	  4.2608e+01	  1.1246e-01	
          48000	          48000	            300	          10000	 1	     6.51375	  2.9883e+02	  1.2421e+02	  5.1681e+03	  8.2757e+03	  1.3572e+03	  3.8881e+01	  1.1022e-01	
          54000	          48000	            300	          10000	 1	     6.62967	  1.9826e+02	  8.3463e+01	  3.9931e+03	  6.1522e+03	  1.3223e+03	  3.5606e+01	  1.1506e-01	
          60000	          48000	            300	          10000	 1	     6.66484	  1.7437e+02	  7.3653e+01	  3.6991e+03	  5.6201e+03	  1.3203e+03	  3.4822e+01	  1.1802e-01	
          66000	          48000	            300	          10000	 1	     6.68711	  1.6079e+02	  6.8054e+01	  3.5263e+03	  5.3081e+03	  1.3197e+03	  3.4370e+01	  1.2030e-01	
          72000	          48000	            300	          10000	 1	     6.70585	  1.5043e+02	  6.3767e+01	  3.3896e+03	  5.0626e+03	  1.3178e+03	  3.4016e+01	  1.2251e-01	
          78000	          48000	            300	          10000	 1	     6.72379	  1.4138e+02	  6.0019e+01	  3.2661e+03	  4.8425e+03	  1.3145e+03	  3.3699e+01	  1.2489e-01	
          84000	          48000	            300	          10000	 1	     6.73694	  1.3541e+02	  5.7542e+01	  3.1809e+03	  4.6924e+03	  1.3095e+03	  3.3479e+01	  1.2683e-01	
          90000	          48000	            300	          10000	 1	     6.74536	  1.3183e+02	  5.6053e+01	  3.1283e+03	  4.6004e+03	  1.3054e+03	  3.3344e+01	  1.2816e-01	
              0	              0	            400	          10000	 0	
           6000	              0	            400	          10000	 0	
          12000	              0	            400	          10000	 0	
          18000	              0	            400	          10000	 0	
          24000	              0	            400	          10000	 0	
          30000	              0	            400	          10000	 0	
          36000	              0	            400	          10000	 0	
          42000	              0	            400	          10000	 0	
          48000	              0	            400	          10000	 0	
          54000	              0	            400	          10000	 0	
          60000	              0	            400	          10000	 0	
          66000	              0	            400	          10000	 0	
          72000	              0	            400	          10000	 0	
          78000	              0	            400	          10000	 0	
          84000	              0	            400	          10000	 0	
          90000	              0	            400	          10000	 0	
              0	           6000	            400	          10000	 0	
           6000	           6000	            400	          10000	 0	
          12000	           6000	            400	          10000	 0	
          18000	           6000	            400	          10000	 0	
          24000	           6000	            400	          10000	 0	
          30000	           6000	            400	          10000	 0	
          36000	           6000	            400	          10000	 0	
          42000	           6000	            400	          10000	 0	
          48000	           6000	            400	          10000	 0	
          54000	           6000	            400	          10000	 0	
          60000	           6000	            400	          10000	 0	
          66000	           6000	            400	          10000	 0	
          72000	           6000	            400	          10000	 0	
          78000	           6000	            400	          10000	 0	
          84000	           6000	            400	          10000	 0	
          90000	           6000	            400	          10000	 0	
              0	          12000	            400	          10000	 0	
           6000	          12000	            400	          10000	 0	
          12000	          12000	            400	          10000	 0	
          18000	          12000	            400	          10000	 0	
          24000	          12000	            400	          10000	 0	
          30000	          12000	            400	          10000	 1	     6.43464	  5.4510e+02	  2.2220e+02	  6.9674e+03	  1.1902e+04	  1.0512e+03	  4.4852e+01	  1.2339e-01	
          36000	          12000	            400	          10000	 1	     6.55532	  2.9304e+02	  1.2215e+02	  4.8565e+03	  7.8332e+03	  1.1956e+03	  3.7956e+01	  1.1426e-01	
          42000	          12000	            400	          10000	 0	
          48000	          12000	            400	          10000	 1	     6.67159	  1.8418e+02	  7.7782e+01	  3.6985e+03	  5.6881e+03	  1.2249e+03	  3.4668e+01	  1.2020e-01	
          54000	          12000	            400	          10000	 1	     6.78732	  1.2422e+02	  5.2948e+01	  2.9159e+03	  4.2897e+03	  1.1981e+03	  3.2593e+01	  1.3689e-01	
          60000	          12000	            400	          10000	 1	     6.81574	  1.1314e+02	  4.8321e+01	  2.7571e+03	  4.0095e+03	  1.1906e+03	  3.2181e+01	  1.4264e-01	
          66000	          12000	            400	          10000	 1	     6.83774	  1.0560e+02	  4.5164e+01	  2.6438e+03	  3.8119e+03	  1.1820e+03	  3.1888e+01	  1.4766e-01	
          72000	          12000	            400	          10000	 0	
          78000	          12000	            400	          10000	 0	
          84000	          12000	            400	          10000	 0	
          90000	          12000	            400	          10000	 0	
              0	          18000	            400	          10000	 0	
           6000	          18000	            400	          10000	 0	
          12000	          18000	            400	          10000	 0	
          18000	          18000	            400	          10000	 0	
          24000	          18000	            400	          10000	 0	
          30000	          18000	            400	          10000	 0	
          36000	          18000	            400	          10000	 1	     6.52351	  3.3111e+02	  1.3744e+02	  5.2428e+03	  8.5473e+03	  1.1962e+03	  3.9105e+01	  1.1402e-01	
          42000	          18000	            400	          10000	 1	     6.59134	  2.4464e+02	  1.0249e+02	  4.4082e+03	  6.9721e+03	  1.2427e+03	  3.6632e+01	  1.1417e-01	
          48000	          18000	            400	          10000	 1	     6.67253	  1.8440e+02	  7.7880e+01	  3.6935e+03	  5.6831e+03	  1.2195e+03	  3.4639e+01	  1.2038e-01	
          54000	          18000	            400	          10000	 1	     6.79697	  1.2081e+02	  5.1528e+01	  2.8621e+03	  4.1979e+03	  1.1909e+03	  3.2440e+01	  1.3883e-01	
          60000	          18000	            400	          10000	 1	     6.80436	  1.1730e+02	  5.0060e+01	  2.8183e+03	  4.1166e+03	  1.1949e+03	  3.2339e+01	  1.4022e-01	
          66000	          18000	            400	          10000	 1	     6.81423	  1.1346e+02	  4.8451e+01	  2.7647e+03	  4.0211e+03	  1.1935e+03	  3.2209e+01	  1.4228e-01	
          72000	          18000	            400	          10000	 0	
          78000	          18000	            400	          10000	 0	
          84000	          18000	            400	          10000	 0	
          90000	          18000	            400	          10000	 0	
              0	          24000	            400	          10000	 0	
           6000	          24000	            400	          10000	 0	
          12000	          24000	            400	          10000	 0	
          18000	          24000	            400	          10000	 0	
          24000	          24000	            400	          10000	 0	
          30000	          24000	            400	          10000	 1	     6.45553	  4.4559e+02	  1.8295e+02	  6.2882e+03	  1.0520e+04	  1.1639e+03	  4.2380e+01	  1.1707e-01	
          36000	          24000	            400	          10000	 1	      6.5698	  2.7730e+02	  1.1580e+02	  4.6907e+03	  7.5283e+03	  1.1952e+03	  3.7456e+01	  1.1457e-01	
          42000	          24000	            400	          10000	 1	     6.60957	  2.3483e+02	  9.8541e+01	  4.2547e+03	  6.7155e+03	  1.2113e+03	  3.6170e+01	  1.1572e-01	
          48000	          24000	            400	          10000	 1	     6.68661	  1.7970e+02	  7.5970e+01	  3.6015e+03	  5.5369e+03	  1.1904e+03	  3.4353e+01	  1.2237e-01	
          54000	          24000	            400	          10000	 1	     6.77365	  1.3078e+02	  5.5687e+01	  2.9999e+03	  4.4433e+03	  1.1946e+03	  3.2800e+01	  1.3450e-01	
          60000	          24000	            400	          10000	 1	     6.77871	  1.2710e+02	  5.4145e+01	  2.9639e+03	  4.3702e+03	  1.2068e+03	  3.2734e+01	  1.3519e-01	
          66000	          24000	            400	          10000	 0	
          72000	          24000	            400	          10000	 0	
          78000	          24000	            400	          10000	 0	
          84000	          24000	            400	          10000	 0	
          90000	          24000	            400	          10000	 0	
              0	          30000	            400	          10000	 0	
           6000	          30000	            400	          10000	 0	
          12000	          30000	            400	          10000	 0	
          18000	          30000	            400	          10000	 0	
          24000	          30000	            400	          10000	 0	
          30000	          30000	            400	          10000	 1	     6.47213	  4.1316e+02	  1.7013e+02	  6.0087e+03	  9.9871e+03	  1.1747e+03	  4.1523e+01	  1.1595e-01	
          36000	          30000	            400	          10000	 1	     6.56465	  2.7898e+02	  1.1645e+02	  4.7310e+03	  7.5905e+03	  1.2100e+03	  3.7575e+01	  1.1407e-01	
          42000	          30000	            400	          10000	 1	     6.60317	  2.4095e+02	  1.0103e+02	  4.3200e+03	  6.8362e+03	  1.2097e+03	  3.6358e+01	  1.1543e-01	
          48000	          30000	            400	          10000	 1	     6.68118	  1.8186e+02	  7.6855e+01	  3.6379e+03	  5.5968e+03	  1.1992e+03	  3.4461e+01	  1.2163e-01	
          54000	          30000	            400	          10000	 1	     6.75793	  1.3806e+02	  5.8719e+01	  3.0980e+03	  4.6186e+03	  1.1968e+03	  3.3059e+01	  1.3185e-01	
          60000	          30000	            400	          10000	 0	
          66000	          30000	            400	          10000	 0	
          72000	          30000	            400	          10000	 0	
          78000	          30000	            400	          10000	 0	
          84000	          30000	            400	          10000	 0	
          90000	          30000	            400	          10000	 0	
              0	          36000	            400	          10000	 0	
           6000	          36000	            400	          10000	 0	
          12000	          36000	            400	          10000	 0	
          18000	          36000	            400	          10000	 0	
          24000	          36000	            400	          10000	 0	
          30000	          36000	            400	          10000	 0	
          36000	          36000	            400	          10000	 1	     6.55157	  2.9159e+02	  1.2153e+02	  4.8735e+03	  7.8476e+03	  1.2165e+03	  3.8000e+01	  1.1366e-01	
          42000	          36000	            400	          10000	 1	     6.58602	  2.5394e+02	  1.0630e+02	  4.4811e+03	  7.1212e+03	  1.2234e+03	  3.6826e+01	  1.1437e-01	
          48000	          36000	            400	          10000	 1	     6.66693	  1.8953e+02	  7.9996e+01	  3.7442e+03	  5.7811e+03	  1.2118e+03	  3.4765e+01	  1.1998e-01	
          54000	          36000	            400	          10000	 1	     6.77704	  1.2981e+02	  5.5286e+01	  2.9833e+03	  4.4164e+03	  1.1896e+03	  3.2758e+01	  1.3522e-01	
          60000	          36000	            400	          10000	 1	     6.81776	  1.1364e+02	  4.8534e+01	  2.7539e+03	  4.0114e+03	  1.1780e+03	  3.2160e+01	  1.4334e-01	
          66000	          36000	            400	          10000	 0	
          72000	          36000	            400	          10000	 0	
          78000	          36000	            400	          10000	 0	
          84000	          36000	            400	          10000	 0	
          90000	          36000	            400	          10000	 0	
              0	          42000	            400	          10000	 0	
           6000	          42000	            400	          10000	 0	
          12000	          42000	            400	          10000	 0	
          18000	          42000	            400	          10000	 0	
          24000	          42000	            400	          10000	 0	
          30000	          42000	            400	          10000	 0	
          36000	          42000	            400	          10000	 0	
          42000	          42000	            400	          10000	 0	
          48000	          42000	            400	          10000	 0	
          54000	          42000	            400	          10000	 0	
          60000	          42000	            400	          10000	 0	
          66000	          42000	            400	          10000	 0	
          72000	          42000	            400	          10000	 0	
          78000	          42000	            400	          10000	 0	
          84000	          42000	            400	          10000	 0	
          90000	          42000	            400	          10000	 0	
              0	          48000	            400	          10000	 0	
           6000	          48000	            400	          10000	 0	
          12000	          48000	            400	          10000	 0	
          18000	          48000	            400	          10000	 0	
          24000	          48000	            400	          10000	 0	
          30000	          48000	            400	          10000	 0	
          36000	          48000	            400	          10000	 0	
          42000	          48000	            400	          10000	 0	
          48000	          48000	            400	          10000	 0	
          54000	          48000	            400	          10000	 0	
          60000	          48000	            400	          10000	 0	
          66000	          48000	            400	          10000	 0	
          72000	          48000	            400	          10000	 0	
          78000	          48000	            400	          10000	 0	
          84000	          48000	            400	          10000	 0	
          90000	          48000	            400	          10000	 0	
